Modality,Annotation Size,BCE_loss
unet_shuffle_inception_no_progressive,52.75,0.00266265543178
unet_shuffle_inception_no_progressive,71.5,0.00264086411335
unet_shuffle_inception_no_progressive,30.25,0.0008900863467705
unet_shuffle_inception_no_progressive,30.3333333333,0.0010924192417090001
unet_shuffle_inception_no_progressive,28.0,0.0012853963514005
unet_shuffle_inception_no_progressive,20.25,0.000581919623073
unet_shuffle_inception_no_progressive,9.33333333333,0.000421595410444
unet_shuffle_inception_no_progressive,26.0,0.0013255591729826124
unet_shuffle_inception_no_progressive,21.0,0.0007616318775536
unet_shuffle_inception_no_progressive,24.0,0.0012509036110715998
unet_shuffle_inception_no_progressive,40.75,0.00205574487336
unet_shuffle_inception_no_progressive,38.5,0.0017638781573618
unet_shuffle_inception_no_progressive,20.75,0.00126268086024
unet_shuffle_inception_no_progressive,19.0,0.0009158239069313334
unet_shuffle_inception_no_progressive,6.0,0.0016349245852318
unet_shuffle_inception_no_progressive,16.0,0.0009639460593461001
unet_shuffle_inception_no_progressive,29.5,0.0007074052409735
unet_shuffle_inception_no_progressive,37.5,0.0016550865160133335
unet_shuffle_inception_no_progressive,17.0,0.0008710299793161002
unet_shuffle_inception_no_progressive,13.0,0.0006899656275181111
unet_shuffle_inception_no_progressive,52.0,0.0019860375274823334
unet_shuffle_inception_no_progressive,40.0,0.0024851281195871254
unet_shuffle_inception_no_progressive,80.0,0.003361584250037333
unet_shuffle_inception_no_progressive,50.0,0.001719494408463
unet_shuffle_inception_no_progressive,19.6666666667,0.0012884275444473333
unet_shuffle_inception_no_progressive,29.1666666667,0.000677412434015
unet_shuffle_inception_no_progressive,45.25,0.002718278905375
unet_shuffle_inception_no_progressive,63.0,0.004155416507273333
unet_shuffle_inception_no_progressive,31.3333333333,0.0014671026438025
unet_shuffle_inception_no_progressive,124.0,0.0102398395538
unet_shuffle_inception_no_progressive,114.0,0.006813563406466667
unet_shuffle_inception_no_progressive,127.666666667,0.00177103164606
unet_shuffle_inception_no_progressive,203.0,0.004060257808306
unet_shuffle_inception_no_progressive,240.333333333,0.000701385200955
unet_shuffle_inception_no_progressive,147.0,0.001552156347315
unet_shuffle_inception_no_progressive,50.6666666667,0.00202913070098
unet_shuffle_inception_no_progressive,18.0,0.0022175340175945002
unet_shuffle_inception_no_progressive,56.5,0.00266272481531
unet_shuffle_inception_no_progressive,97.0,0.0022437341976895
unet_shuffle_inception_no_progressive,146.5,0.000269935204415
unet_shuffle_inception_no_progressive,107.5,0.00102205702569
unet_shuffle_inception_no_progressive,48.3333333333,0.00304091954604
unet_shuffle_inception_no_progressive,191.0,0.011141764300795666
unet_shuffle_inception_no_progressive,208.0,0.000411630375311
unet_shuffle_inception_no_progressive,47.0,0.003147189447189
unet_shuffle_inception_no_progressive,32.0,0.0023269745385426665
unet_shuffle_inception_no_progressive,121.0,0.001858469215225
unet_shuffle_inception_no_progressive,17.6666666667,0.000767417019233
unet_shuffle_inception_no_progressive,23.0,0.000855777614924
unet_shuffle_inception_no_progressive,113.75,0.00784904137254
unet_shuffle_inception_no_progressive,148.75,0.00953366514295
unet_shuffle_inception_no_progressive,201.75,0.0244082324207
unet_shuffle_inception_no_progressive,239.75,0.0216115862131
unet_shuffle_inception_no_progressive,289.5,0.024270709604
unet_shuffle_inception_no_progressive,248.0,0.0171846747398
unet_shuffle_inception_no_progressive,104.0,0.0098477108404
unet_shuffle_inception_no_progressive,94.0,0.004161074990405
unet_shuffle_inception_no_progressive,77.0,0.0025716598727732
unet_shuffle_inception_no_progressive,211.0,0.013704487122600001
unet_shuffle_inception_no_progressive,174.75,0.00482778670266
unet_shuffle_inception_no_progressive,406.5,0.0102006308734
unet_shuffle_inception_no_progressive,471.75,0.0135809984058
unet_shuffle_inception_no_progressive,365.25,0.0201208740473
unet_shuffle_inception_no_progressive,158.75,0.00950348377228
unet_shuffle_inception_no_progressive,153.0,0.011437349331860002
unet_shuffle_inception_no_progressive,148.333333333,0.00795952603221
unet_shuffle_inception_no_progressive,145.5,0.00775658339262
unet_shuffle_inception_no_progressive,140.5,0.00643590139225
unet_shuffle_inception_no_progressive,101.0,0.00637442083098
unet_shuffle_inception_no_progressive,141.0,0.006848657736555
unet_shuffle_inception_no_progressive,172.25,0.00706696137786
unet_shuffle_inception_no_progressive,169.5,0.00748222693801
unet_shuffle_inception_no_progressive,141.75,0.00758151477203
unet_shuffle_inception_no_progressive,85.0,0.00368535189773
unet_shuffle_inception_no_progressive,59.0,0.002820091799852166
unet_shuffle_inception_no_progressive,12.0,0.0008042079918804443
unet_shuffle_inception_no_progressive,7.0,0.00036516722840514284
unet_shuffle_inception_no_progressive,14.0,0.0006849893019533
unet_shuffle_inception_no_progressive,27.0,0.0012017927095127141
unet_shuffle_inception_no_progressive,99.3333333333,0.000627964735031
unet_shuffle_inception_no_progressive,135.666666667,0.000328980851918
unet_shuffle_inception_no_progressive,180.5,0.005440454173383
unet_shuffle_inception_no_progressive,188.75,0.000807396194432
unet_shuffle_inception_no_progressive,221.75,0.000658806529827
unet_shuffle_inception_no_progressive,228.5,0.00131733797025
unet_shuffle_inception_no_progressive,239.0,0.0018675456522
unet_shuffle_inception_no_progressive,251.25,0.00138440437149
unet_shuffle_inception_no_progressive,231.0,0.00261514820158
unet_shuffle_inception_no_progressive,231.75,0.00243444461375
unet_shuffle_inception_no_progressive,222.25,0.00286798784509
unet_shuffle_inception_no_progressive,217.25,0.00176960183308
unet_shuffle_inception_no_progressive,215.75,0.00212707952596
unet_shuffle_inception_no_progressive,206.5,0.00398648157716
unet_shuffle_inception_no_progressive,186.75,0.00208245916292
unet_shuffle_inception_no_progressive,162.25,0.0058530687237900005
unet_shuffle_inception_no_progressive,146.75,0.00245595769957
unet_shuffle_inception_no_progressive,130.75,0.0030332126189
unet_shuffle_inception_no_progressive,33.0,0.0020225544649294996
unet_shuffle_inception_no_progressive,18.25,0.000960075994954
unet_shuffle_inception_no_progressive,160.0,0.007878859682616667
unet_shuffle_inception_no_progressive,190.0,0.010505061363790001
unet_shuffle_inception_no_progressive,245.0,0.0179777145386
unet_shuffle_inception_no_progressive,181.0,0.013617817312485
unet_shuffle_inception_no_progressive,210.5,0.025921418331549997
unet_shuffle_inception_no_progressive,185.0,0.016779569909
unet_shuffle_inception_no_progressive,135.5,0.00972158648074
unet_shuffle_inception_no_progressive,166.5,0.012817828916
unet_shuffle_inception_no_progressive,176.75,0.0105617884547
unet_shuffle_inception_no_progressive,136.75,0.00865003839135
unet_shuffle_inception_no_progressive,116.5,0.00394865637645
unet_shuffle_inception_no_progressive,89.25,0.002955331699925
unet_shuffle_inception_no_progressive,52.5,0.0032715710694899997
unet_shuffle_inception_no_progressive,40.5,0.00195628684014
unet_shuffle_inception_no_progressive,78.0,0.00661426084116
unet_shuffle_inception_no_progressive,112.0,0.010564262513095
unet_shuffle_inception_no_progressive,122.0,0.007919047726315
unet_shuffle_inception_no_progressive,134.0,0.0115209072828
unet_shuffle_inception_no_progressive,150.0,0.007177940453403333
unet_shuffle_inception_no_progressive,180.0,0.017284438014
unet_shuffle_inception_no_progressive,186.0,0.010821057599985
unet_shuffle_inception_no_progressive,202.0,0.0204184390604
unet_shuffle_inception_no_progressive,194.0,0.0201325174421
unet_shuffle_inception_no_progressive,214.0,0.0233048982918
unet_shuffle_inception_no_progressive,54.5,0.00301621516701
unet_shuffle_inception_no_progressive,69.25,0.002040213148575
unet_shuffle_inception_no_progressive,83.25,0.00342209567316
unet_shuffle_inception_no_progressive,69.0,0.00358954013791
unet_shuffle_inception_no_progressive,38.0,0.002842528163454
unet_shuffle_inception_no_progressive,54.0,0.00143504440639022
unet_shuffle_inception_no_progressive,95.5,0.002345467379202
unet_shuffle_inception_no_progressive,161.0,0.006597365058637
unet_shuffle_inception_no_progressive,314.5,0.000838370528072
unet_shuffle_inception_no_progressive,351.0,0.000819778302684
unet_shuffle_inception_no_progressive,389.75,0.00142872612923
unet_shuffle_inception_no_progressive,247.714285714,0.0054132132791
unet_shuffle_inception_no_progressive,240.75,0.0063767847605
unet_shuffle_inception_no_progressive,237.555555556,0.00843568798155
unet_shuffle_inception_no_progressive,242.1,0.000839555461425
unet_shuffle_inception_no_progressive,304.181818182,0.00146570347715
unet_shuffle_inception_no_progressive,297.909090909,0.0171620734036
unet_shuffle_inception_no_progressive,355.727272727,0.00505752069876
unet_shuffle_inception_no_progressive,311.636363636,0.02252407372
unet_shuffle_inception_no_progressive,284.181818182,0.00518132327124
unet_shuffle_inception_no_progressive,219.272727273,0.00557638145983
unet_shuffle_inception_no_progressive,143.363636364,0.0021548520308
unet_shuffle_inception_no_progressive,127.285714286,0.00324151245877
unet_shuffle_inception_no_progressive,67.4285714286,0.00238778535277
unet_shuffle_inception_no_progressive,58.5714285714,0.000384872080758
unet_shuffle_inception_no_progressive,88.5,0.0010383852059
unet_shuffle_inception_no_progressive,35.0,0.0020759858792493333
unet_shuffle_inception_no_progressive,10.0,0.0006723995195765714
unet_shuffle_inception_no_progressive,51.5,0.00264379987493
unet_shuffle_inception_no_progressive,86.0,0.003069786544073
unet_shuffle_inception_no_progressive,83.0,0.002322470929359
unet_shuffle_inception_no_progressive,82.0,0.002948634384665
unet_shuffle_inception_no_progressive,57.0,0.0008479368116245
unet_shuffle_inception_no_progressive,15.0,0.0008508692833582308
unet_shuffle_inception_no_progressive,20.0,0.0011234512437825
unet_shuffle_inception_no_progressive,22.0,0.0013858084639656251
unet_shuffle_inception_no_progressive,49.3333333333,0.00338766339701
unet_shuffle_inception_no_progressive,61.2,0.00956435594708
unet_shuffle_inception_no_progressive,48.0,0.006614502402945
unet_shuffle_inception_no_progressive,44.3333333333,0.0025800368748600004
unet_shuffle_inception_no_progressive,130.0,0.000507788266987
unet_shuffle_inception_no_progressive,195.0,0.0396755993424525
unet_shuffle_inception_no_progressive,275.0,0.000773517065682
unet_shuffle_inception_no_progressive,249.0,0.0287622702308
unet_shuffle_inception_no_progressive,57.25,0.000657241558656
unet_shuffle_inception_no_progressive,179.0,0.00206933962181
unet_shuffle_inception_no_progressive,194.5,0.0020050150924355
unet_shuffle_inception_no_progressive,4.0,0.0002835160144058875
unet_shuffle_inception_no_progressive,11.0,0.0008754591690377141
unet_shuffle_inception_no_progressive,31.0,0.0018835534089406668
unet_shuffle_inception_no_progressive,55.6666666667,0.00278875837103
unet_shuffle_inception_no_progressive,76.6666666667,0.00456111226231
unet_shuffle_inception_no_progressive,95.3333333333,0.00438606506214
unet_shuffle_inception_no_progressive,94.5,0.00441946554929
unet_shuffle_inception_no_progressive,80.5,0.0022969437995949997
unet_shuffle_inception_no_progressive,69.5,0.00300935492851
unet_shuffle_inception_no_progressive,53.0,0.00407613630523
unet_shuffle_inception_no_progressive,41.5,0.002181722666135
unet_shuffle_inception_no_progressive,24.5,0.000247171476076
unet_shuffle_inception_no_progressive,49.5,0.004101757891475001
unet_shuffle_inception_no_progressive,53.5,0.00270208029542
unet_shuffle_inception_no_progressive,87.0,0.003392942443800333
unet_shuffle_inception_no_progressive,2.0,0.00010502647273845
unet_shuffle_inception_no_progressive,3.0,0.0001680159402895
unet_shuffle_inception_no_progressive,9.0,0.0007009333407041999
unet_shuffle_inception_no_progressive,92.0,0.004592074197715
unet_shuffle_inception_no_progressive,88.0,0.00481286086142
unet_shuffle_inception_no_progressive,116.0,0.004164078971371334
unet_shuffle_inception_no_progressive,64.0,0.005438982683697501
unet_shuffle_inception_no_progressive,37.0,0.0025566928573723335
unet_shuffle_inception_no_progressive,25.0,0.0022032203851255453
unet_shuffle_inception_no_progressive,8.0,0.0019122740694581428
unet_shuffle_inception_no_progressive,220.25,0.0172452665865
unet_shuffle_inception_no_progressive,434.5,0.0261925943196
unet_shuffle_inception_no_progressive,464.25,0.0218906942755
unet_shuffle_inception_no_progressive,356.5,0.0101106539369
unet_shuffle_inception_no_progressive,132.25,0.000220668734983
unet_shuffle_inception_no_progressive,86.5,0.00530175631866
unet_shuffle_inception_no_progressive,119.0,0.0057102772407249995
unet_shuffle_inception_no_progressive,112.5,0.00858242344111
unet_shuffle_inception_no_progressive,140.0,0.0159534532577
unet_shuffle_inception_no_progressive,29.0,0.0013202954141890001
unet_shuffle_inception_no_progressive,51.0,0.00388480658148125
unet_shuffle_inception_no_progressive,131.0,0.0145650133491
unet_shuffle_inception_no_progressive,212.25,0.0267682839185
unet_shuffle_inception_no_progressive,260.0,0.0600584447384
unet_shuffle_inception_no_progressive,341.25,0.0536968894303
unet_shuffle_inception_no_progressive,378.75,0.0814032703638
unet_shuffle_inception_no_progressive,400.5,0.0644818097353
unet_shuffle_inception_no_progressive,429.25,0.0624781884253
unet_shuffle_inception_no_progressive,454.75,0.105553984642
unet_shuffle_inception_no_progressive,457.5,0.0807095989585
unet_shuffle_inception_no_progressive,447.0,0.0707068443298
unet_shuffle_inception_no_progressive,432.25,0.0656911879778
unet_shuffle_inception_no_progressive,400.0,0.0721755474806
unet_shuffle_inception_no_progressive,367.75,0.0743647962809
unet_shuffle_inception_no_progressive,305.0,0.03469507023695
unet_shuffle_inception_no_progressive,213.5,0.0583090446889
unet_shuffle_inception_no_progressive,109.5,0.0273139216006
unet_shuffle_inception_no_progressive,5.0,0.0010958794155173333
unet_shuffle_inception_no_progressive,16.5,0.0024376858054897498
unet_shuffle_inception_no_progressive,11.5,0.0007353215187335
unet_shuffle_inception_no_progressive,41.0,0.004367230879142
unet_shuffle_inception_no_progressive,61.3333333333,0.005122556428736667
unet_shuffle_inception_no_progressive,72.6666666667,0.00404339469969
unet_shuffle_inception_no_progressive,72.0,0.0041520472926366665
unet_shuffle_inception_no_progressive,70.3333333333,0.00466887513176
unet_shuffle_inception_no_progressive,30.6666666667,0.002137950970793333
unet_shuffle_inception_no_progressive,33.5,0.0006885860566375
unet_shuffle_inception_no_progressive,34.5,0.00239789567422
unet_shuffle_inception_no_progressive,36.5,0.00247644842602
unet_shuffle_inception_no_progressive,36.875,0.00717148836702
unet_shuffle_inception_no_progressive,58.25,0.000158815208124
unet_shuffle_inception_no_progressive,21.5,0.000113606176456
unet_shuffle_inception_no_progressive,28.3333333333,0.001171211712061
unet_shuffle_inception_no_progressive,73.0,0.0014903255650990002
unet_shuffle_inception_no_progressive,61.0,0.00161733563436425
unet_shuffle_inception_no_progressive,42.0,0.00109902020631275
unet_shuffle_inception_no_progressive,43.5,0.004011591120313333
unet_shuffle_inception_no_progressive,6.66666666667,0.000329508766299
unet_shuffle_inception_no_progressive,40.25,0.00024602027406225
unet_shuffle_inception_no_progressive,37.25,0.0001000174816
unet_shuffle_inception_no_progressive,30.75,0.00239159888588
unet_shuffle_inception_no_progressive,44.6666666667,0.00416280375794
unet_shuffle_inception_no_progressive,87.6666666667,0.003099428489805
unet_shuffle_inception_no_progressive,105.0,0.0032901444938
unet_shuffle_inception_no_progressive,23.5,0.0009271963208425
unet_shuffle_inception_no_progressive,36.1666666667,0.00213556061499
unet_shuffle_inception_no_progressive,36.4,0.000690418877639
unet_shuffle_inception_no_progressive,32.6666666667,0.00251106149517
unet_shuffle_inception_no_progressive,70.5,0.00886712037027
unet_shuffle_inception_no_progressive,150.5,0.01640673168
unet_shuffle_inception_no_progressive,71.25,0.00638998276554
unet_shuffle_inception_no_progressive,44.0,0.0025041870685538333
unet_shuffle_inception_no_progressive,34.0,0.003481742706048889
unet_shuffle_inception_no_progressive,91.0,0.0114055462182
unet_shuffle_inception_no_progressive,15.3333333333,0.000526456569787
unet_shuffle_inception_no_progressive,29.25,0.000189294063603
unet_shuffle_inception_no_progressive,33.25,0.000401607452659
unet_shuffle_inception_no_progressive,16.25,0.00280296140044745
unet_shuffle_inception_no_progressive,58.75,0.000176419067429
unet_shuffle_inception_no_progressive,86.25,0.00436717551202
unet_shuffle_inception_no_progressive,146.25,0.00316940923221
unet_shuffle_inception_no_progressive,201.5,0.00169637845829
unet_shuffle_inception_no_progressive,225.0,0.000387266336475
unet_shuffle_inception_no_progressive,247.5,0.000794713094365
unet_shuffle_inception_no_progressive,257.0,0.00195347471163
unet_shuffle_inception_no_progressive,265.75,0.00110655266326
unet_shuffle_inception_no_progressive,278.0,0.011415927234322502
unet_shuffle_inception_no_progressive,199.25,0.0056806136854
unet_shuffle_inception_no_progressive,147.75,0.00754150003195
unet_shuffle_inception_no_progressive,73.6666666667,0.000214858533582
unet_shuffle_inception_no_progressive,39.0,0.00116683654778225
unet_shuffle_inception_no_progressive,32.3333333333,0.001056954555675
unet_shuffle_inception_no_progressive,9.5,0.000195959437406
unet_shuffle_inception_no_progressive,77.25,0.00308996840613
unet_shuffle_inception_no_progressive,93.5,0.0123630110174
unet_shuffle_inception_no_progressive,30.0,0.002444441929194286
unet_shuffle_inception_no_progressive,102.0,0.0231703408062
unet_shuffle_inception_no_progressive,160.666666667,0.0412748456001
unet_shuffle_inception_no_progressive,307.666666667,0.0717098116875
unet_shuffle_inception_no_progressive,385.666666667,0.112900957465
unet_shuffle_inception_no_progressive,437.333333333,0.13588359952
unet_shuffle_inception_no_progressive,514.0,0.10949392803025
unet_shuffle_inception_no_progressive,568.333333333,0.183676838875
unet_shuffle_inception_no_progressive,605.0,0.181645214558
unet_shuffle_inception_no_progressive,687.666666667,0.199230417609
unet_shuffle_inception_no_progressive,739.333333333,0.20679089427
unet_shuffle_inception_no_progressive,736.0,0.211525827646
unet_shuffle_inception_no_progressive,776.0,0.195732295513
unet_shuffle_inception_no_progressive,740.333333333,0.15204757452
unet_shuffle_inception_no_progressive,662.0,0.132710173726
unet_shuffle_inception_no_progressive,536.333333333,0.100747264922
unet_shuffle_inception_no_progressive,393.0,0.0628145262599
unet_shuffle_inception_no_progressive,316.333333333,0.0504551269114
unet_shuffle_inception_no_progressive,265.333333333,0.0448716767132
unet_shuffle_inception_no_progressive,143.666666667,0.0163478963077
unet_shuffle_inception_no_progressive,59.5,0.005628444060373334
unet_shuffle_inception_no_progressive,46.6666666667,0.000719442905392
unet_shuffle_inception_no_progressive,26.5,0.0016227729502099998
unet_shuffle_inception_no_progressive,43.0,0.0033494061984426665
unet_shuffle_inception_no_progressive,66.0,0.0039701167261246674
unet_shuffle_inception_no_progressive,36.0,0.00261703545402175
unet_shuffle_inception_no_progressive,18.3333333333,0.000257922016317
unet_shuffle_inception_no_progressive,79.3333333333,0.00442298874259
unet_shuffle_inception_no_progressive,31.6666666667,0.000834297097754
unet_shuffle_inception_no_progressive,92.3333333333,0.00045053998474
unet_shuffle_inception_no_progressive,128.0,0.001886222918985
unet_shuffle_inception_no_progressive,154.333333333,0.00187747331802
unet_shuffle_inception_no_progressive,89.6666666667,0.00257628154941
unet_shuffle_inception_no_progressive,19.5,0.000748551295449
unet_shuffle_inception_no_progressive,143.0,0.0028120884671800003
unet_shuffle_inception_no_progressive,133.333333333,0.00163177784998
unet_shuffle_inception_no_progressive,85.6666666667,0.00116487708874
unet_shuffle_inception_no_progressive,63.6666666667,0.00273666460998
unet_shuffle_inception_no_progressive,51.6666666667,0.00297724455595
unet_shuffle_inception_no_progressive,75.0,0.0046567132521879995
unet_shuffle_inception_no_progressive,203.25,0.00468420935795
unet_shuffle_inception_no_progressive,188.25,0.00258464971557
unet_shuffle_inception_no_progressive,111.0,0.00657980656251
unet_shuffle_inception_no_progressive,16.3333333333,0.000494787993375
unet_shuffle_inception_no_progressive,43.3333333333,0.0029052720055925
unet_shuffle_inception_no_progressive,134.75,0.0102438870817
unet_shuffle_inception_no_progressive,242.25,0.0244285464287
unet_shuffle_inception_no_progressive,316.5,0.0192202869803
unet_shuffle_inception_no_progressive,334.8,0.0265828073025
unet_shuffle_inception_no_progressive,421.6,0.0362394154072
unet_shuffle_inception_no_progressive,646.5,0.0397722050548
unet_shuffle_inception_no_progressive,720.75,0.065631493926
unet_shuffle_inception_no_progressive,753.5,0.0493537150323
unet_shuffle_inception_no_progressive,826.5,0.0703901052475
unet_shuffle_inception_no_progressive,806.5,0.0632235631347
unet_shuffle_inception_no_progressive,736.5,0.0365993231535
unet_shuffle_inception_no_progressive,697.5,0.0548881851137
unet_shuffle_inception_no_progressive,659.25,0.0422026738524
unet_shuffle_inception_no_progressive,560.25,0.0212053712457
unet_shuffle_inception_no_progressive,466.25,0.0150400996208
unet_shuffle_inception_no_progressive,347.25,0.0135290510952
unet_shuffle_inception_no_progressive,215.5,0.00380284013227
unet_shuffle_inception_no_progressive,130.666666667,0.00579337636009
unet_shuffle_inception_no_progressive,62.0,0.00406864733668
unet_shuffle_inception_no_progressive,76.0,0.00897096469998
unet_shuffle_inception_no_progressive,99.0,0.010346647352
unet_shuffle_inception_no_progressive,182.0,0.0153033491224
unet_shuffle_inception_no_progressive,323.0,0.0254594013095
unet_shuffle_inception_no_progressive,472.0,0.0388745181262
unet_shuffle_inception_no_progressive,506.0,0.0447675623
unet_shuffle_inception_no_progressive,529.0,0.1005354207011
unet_shuffle_inception_no_progressive,534.0,0.0542040430009
unet_shuffle_inception_no_progressive,567.0,0.0567205660045
unet_shuffle_inception_no_progressive,441.0,0.0422662459314
unet_shuffle_inception_no_progressive,445.0,0.0438056588173
unet_shuffle_inception_no_progressive,561.0,0.0677970424294
unet_shuffle_inception_no_progressive,589.0,0.0633936561644
unet_shuffle_inception_no_progressive,575.0,0.0652406439185
unet_shuffle_inception_no_progressive,523.0,0.0533371455967
unet_shuffle_inception_no_progressive,350.0,0.022260309197
unet_shuffle_inception_no_progressive,383.0,0.0301317833364
unet_shuffle_inception_no_progressive,358.0,0.0256039984524
unet_shuffle_inception_no_progressive,327.0,0.0218793172389
unet_shuffle_inception_no_progressive,290.0,0.017528237775
unet_shuffle_inception_no_progressive,21.3333333333,0.000938542012591
unet_shuffle_inception_no_progressive,56.75,0.00368977338076
unet_shuffle_inception_no_progressive,68.75,0.0023904570844
unet_shuffle_inception_no_progressive,70.0,0.005019408185035001
unet_shuffle_inception_no_progressive,62.5,0.00224956613965
unet_shuffle_inception_no_progressive,49.75,0.00316168670543
unet_shuffle_inception_no_progressive,198.0,0.01120478380471
unet_shuffle_inception_no_progressive,128.5,0.0075346856901644995
unet_shuffle_inception_no_progressive,176.5,0.0290883760899
unet_shuffle_inception_no_progressive,177.5,0.00295416987501
unet_shuffle_inception_no_progressive,205.0,0.008418082259590001
unet_shuffle_inception_no_progressive,189.5,0.0289552360773
unet_shuffle_inception_no_progressive,201.0,0.00459140678868
unet_shuffle_inception_no_progressive,207.5,0.0318026058376
unet_shuffle_inception_no_progressive,175.0,0.00244801142253
unet_shuffle_inception_no_progressive,192.0,0.003450213815085
unet_shuffle_inception_no_progressive,160.5,0.00044799267198
unet_shuffle_inception_no_progressive,279.0,0.0158063340932
unet_shuffle_inception_no_progressive,291.0,0.0176088921726
unet_shuffle_inception_no_progressive,263.0,0.0139619661495
unet_shuffle_inception_no_progressive,299.0,0.0176740381867
unet_shuffle_inception_no_progressive,285.0,0.0114941680804
unet_shuffle_inception_no_progressive,267.0,0.0144141232595
unet_shuffle_inception_no_progressive,230.0,0.0101901227608
unet_shuffle_inception_no_progressive,216.0,0.0045165988558455005
unet_shuffle_inception_no_progressive,189.0,0.00636062491685
unet_shuffle_inception_no_progressive,187.0,0.00694709690288
unet_shuffle_inception_no_progressive,159.0,0.00425170827657
unet_shuffle_inception_no_progressive,148.0,0.00553904473782
unet_shuffle_inception_no_progressive,166.0,0.00692952843383
unet_shuffle_inception_no_progressive,106.0,0.00486354669556
unet_shuffle_inception_no_progressive,19.3333333333,0.0020768858958
unet_shuffle_inception_no_progressive,24.75,0.0019508104887795
unet_shuffle_inception_no_progressive,31.5,0.00145737116691
unet_shuffle_inception_no_progressive,23.75,0.00136999064125
unet_shuffle_inception_no_progressive,69.75,0.00204886891879
unet_shuffle_inception_no_progressive,78.25,0.00164129491895
unet_shuffle_inception_no_progressive,83.75,0.00162433355581
unet_shuffle_inception_no_progressive,94.25,0.0040522236377
unet_shuffle_inception_no_progressive,71.0,0.0024066013284
unet_shuffle_inception_no_progressive,35.5,0.00317788706161
unet_shuffle_inception_no_progressive,36.25,0.0020360484486430003
unet_shuffle_inception_no_progressive,80.75,0.000282163236989
unet_shuffle_inception_no_progressive,57.5,0.00165434705559
unet_shuffle_inception_no_progressive,93.6666666667,0.00119892228395
unet_shuffle_inception_no_progressive,133.666666667,0.00133278232533
unet_shuffle_inception_no_progressive,146.333333333,0.00164232205134
unet_shuffle_inception_no_progressive,49.0,0.0006683207757325001
unet_shuffle_inception_no_progressive,65.0,0.00220928085037
unet_shuffle_inception_no_progressive,45.0,0.00151735365701
unet_shuffle_inception_no_progressive,53.75,0.000206771626836
unet_shuffle_inception_no_progressive,12.5,0.001311855885431
unet_shuffle_inception_no_progressive,90.0,0.0021455046226055
unet_shuffle_inception_no_progressive,227.0,0.00473829498515
unet_shuffle_inception_no_progressive,272.0,0.00708384299651
unet_shuffle_inception_no_progressive,265.0,0.00757327768952
unet_shuffle_inception_no_progressive,162.0,0.0062619172968
unet_shuffle_inception_no_progressive,67.0,0.00326342205517
unet_shuffle_inception_no_progressive,45.3333333333,0.00147841963917
unet_shuffle_inception_no_progressive,11.25,0.00443629035726
unet_shuffle_inception_no_progressive,47.5,0.004037256818265
unet_shuffle_inception_no_progressive,48.5,0.00833192560822
unet_shuffle_inception_no_progressive,30.5,0.00323171564378
unet_shuffle_inception_no_progressive,212.0,0.0024546564091
unet_shuffle_inception_no_progressive,169.0,0.0035438686221236667
unet_shuffle_inception_no_progressive,79.5,0.00102229195181
unet_shuffle_inception_no_progressive,34.25,0.00263935280964
unet_shuffle_inception_no_progressive,26.3333333333,0.0016450906987300002
unet_shuffle_inception_no_progressive,20.5,0.000383143109502
unet_shuffle_inception_no_progressive,17.5,0.001052053296005
unet_shuffle_inception_no_progressive,8.5,0.000298892118735
unet_shuffle_inception_no_progressive,26.6666666667,0.00134351674933
unet_shuffle_inception_no_progressive,49.6666666667,0.002963938051835
unet_shuffle_inception_no_progressive,45.6666666667,0.00447378633544
unet_shuffle_inception_no_progressive,27.3333333333,0.000647399865557
unet_shuffle_inception_no_progressive,52.6666666667,0.013743701856605
unet_shuffle_inception_no_progressive,39.6666666667,0.00335398130119
unet_shuffle_inception_no_progressive,14.3333333333,0.00138468225487
unet_shuffle_inception_no_progressive,179.666666667,0.00388822588138
unet_shuffle_inception_no_progressive,268.333333333,0.000652925518807
unet_shuffle_inception_no_progressive,55.0,0.0017862391250695001
unet_shuffle_inception_no_progressive,6.5,0.000470741346362
unet_shuffle_inception_no_progressive,39.5,0.001851169974545
unet_shuffle_inception_no_progressive,38.25,0.00030249246629
unet_shuffle_inception_no_progressive,61.25,0.000685431761667
unet_shuffle_inception_no_progressive,85.75,0.00160233501811
unet_shuffle_inception_no_progressive,98.75,0.0021676775068
unet_shuffle_inception_no_progressive,97.25,0.00193710788153
unet_shuffle_inception_no_progressive,66.75,0.000336613913532
unet_shuffle_inception_no_progressive,41.3333333333,8.42216832098e-05
unet_shuffle_inception_no_progressive,84.0,0.00658066710457
unet_shuffle_inception_no_progressive,108.666666667,0.00622557708994
unet_shuffle_inception_no_progressive,149.0,0.00435617286712
unet_shuffle_inception_no_progressive,163.666666667,0.009561968036
unet_shuffle_inception_no_progressive,159.666666667,0.00898409169167
unet_shuffle_inception_no_progressive,190.333333333,0.00620555784553
unet_shuffle_inception_no_progressive,260.333333333,0.00726681388915
unet_shuffle_inception_no_progressive,304.0,0.0124972714111
unet_shuffle_inception_no_progressive,272.666666667,0.00844319351017
unet_shuffle_inception_no_progressive,233.0,0.00761863263324
unet_shuffle_inception_no_progressive,243.0,0.0151066984981
unet_shuffle_inception_no_progressive,253.0,0.0113110849634
unet_shuffle_inception_no_progressive,238.0,0.0138482470065
unet_shuffle_inception_no_progressive,227.333333333,0.0135306240991
unet_shuffle_inception_no_progressive,250.0,0.016251463443
unet_shuffle_inception_no_progressive,136.0,0.00584863405675
unet_shuffle_inception_no_progressive,58.0,0.0019277296960353333
unet_shuffle_inception_no_progressive,94.6666666667,0.00442409841344
unet_shuffle_inception_no_progressive,118.333333333,0.00562923634425
unet_shuffle_inception_no_progressive,121.333333333,0.00167517911177
unet_shuffle_inception_no_progressive,321.666666667,0.0109353708103
unet_shuffle_inception_no_progressive,367.666666667,0.00884549599141
unet_shuffle_inception_no_progressive,413.333333333,0.008994608186184999
unet_shuffle_inception_no_progressive,362.333333333,0.00464182766154
unet_shuffle_inception_no_progressive,346.0,0.00265992525965
unet_shuffle_inception_no_progressive,339.666666667,0.00303803314455
unet_shuffle_inception_no_progressive,341.0,0.0049563255161
unet_shuffle_inception_no_progressive,240.0,0.0019150248263
unet_shuffle_inception_no_progressive,228.666666667,0.000498377485201
unet_shuffle_inception_no_progressive,200.0,0.000738187343813
unet_shuffle_inception_no_progressive,217.333333333,0.000905272550881
unet_shuffle_inception_no_progressive,196.666666667,0.00169537845068
unet_shuffle_inception_no_progressive,173.5,0.0100957052782
unet_shuffle_inception_no_progressive,142.0,0.00691296299919
unet_shuffle_inception_no_progressive,168.0,0.0072271428071
unet_shuffle_inception_no_progressive,193.0,0.00833025854081
unet_shuffle_inception_no_progressive,146.0,0.00552245881408
unet_shuffle_inception_no_progressive,158.0,0.00619626278058
unet_shuffle_inception_no_progressive,81.0,0.0041531913448100005
unet_shuffle_inception_no_progressive,48.75,0.000260580243776
unet_shuffle_inception_no_progressive,75.25,0.000155294997967
unet_shuffle_inception_no_progressive,62.75,0.0017320685146865
unet_shuffle_inception_no_progressive,56.25,0.00419064052403
unet_shuffle_inception_no_progressive,37.75,0.00164840021171
unet_shuffle_inception_no_progressive,96.0,0.018863535253335
unet_shuffle_inception_no_progressive,156.0,0.00499625445809
unet_shuffle_inception_no_progressive,145.0,0.00536822900176
unet_shuffle_inception_no_progressive,171.0,0.0149354483001
unet_shuffle_inception_no_progressive,87.5,0.00253258226439
unet_shuffle_inception_no_progressive,38.6666666667,0.0006349054019665
unet_shuffle_inception_no_progressive,163.0,0.0119011849165
unet_shuffle_inception_no_progressive,131.5,0.0134884659201
unet_shuffle_inception_no_progressive,108.5,0.0100327171385
unet_shuffle_inception_no_progressive,57.6666666667,0.0040088170208
unet_shuffle_inception_no_progressive,46.0,0.00220941007137
unet_shuffle_inception_no_progressive,64.5,0.00160751247313
unet_shuffle_inception_no_progressive,60.75,0.00411280337721
unet_shuffle_inception_no_progressive,35.3333333333,0.0007328614301525
unet_shuffle_inception_no_progressive,24.6666666667,0.000107949286758
unet_shuffle_inception_no_progressive,42.6666666667,0.00376989366487
unet_shuffle_inception_no_progressive,27.75,0.00115793582518
unet_shuffle_inception_no_progressive,167.0,0.000247674994171
unet_shuffle_inception_no_progressive,241.0,0.000287055911031
unet_shuffle_inception_no_progressive,223.75,0.000547637464479
unet_shuffle_inception_no_progressive,179.333333333,0.000797146465629
unet_shuffle_inception_no_progressive,45.75,0.00197653193027
unet_shuffle_inception_no_progressive,35.6666666667,0.00072858214844
unet_shuffle_inception_no_progressive,166.25,0.0205734223127
unet_shuffle_inception_no_progressive,250.25,0.0376965850592
unet_shuffle_inception_no_progressive,303.75,0.0461289808154
unet_shuffle_inception_no_progressive,366.5,0.0477239601314
unet_shuffle_inception_no_progressive,436.75,0.0856494233012
unet_shuffle_inception_no_progressive,486.25,0.109891928732
unet_shuffle_inception_no_progressive,550.25,0.138978540897
unet_shuffle_inception_no_progressive,547.75,0.147069215775
unet_shuffle_inception_no_progressive,557.75,0.139013051987
unet_shuffle_inception_no_progressive,555.25,0.130218312144
unet_shuffle_inception_no_progressive,541.0,0.12073995173
unet_shuffle_inception_no_progressive,520.0,0.127271994948
unet_shuffle_inception_no_progressive,482.75,0.118371702731
unet_shuffle_inception_no_progressive,444.0,0.130465850234
unet_shuffle_inception_no_progressive,322.5,0.0998116880655
unet_shuffle_inception_no_progressive,267.75,0.0679616555572
unet_shuffle_inception_no_progressive,231.5,0.0545357130468
unet_shuffle_inception_no_progressive,92.5,0.0349926203489
unet_shuffle_inception_no_progressive,246.5,0.0615387186408
unet_shuffle_inception_no_progressive,308.0,0.0954205617309
unet_shuffle_inception_no_progressive,381.0,0.0657032653689
unet_shuffle_inception_no_progressive,540.75,0.0830160081387
unet_shuffle_inception_no_progressive,605.75,0.127955645323
unet_shuffle_inception_no_progressive,678.5,0.135942518711
unet_shuffle_inception_no_progressive,700.25,0.112245991826
unet_shuffle_inception_no_progressive,759.25,0.115442112088
unet_shuffle_inception_no_progressive,777.5,0.133353427052
unet_shuffle_inception_no_progressive,787.0,0.06399881967832001
unet_shuffle_inception_no_progressive,775.5,0.0996478572488
unet_shuffle_inception_no_progressive,720.5,0.104387946427
unet_shuffle_inception_no_progressive,674.75,0.0779148638248
unet_shuffle_inception_no_progressive,406.25,0.0380140803754
unet_shuffle_inception_no_progressive,338.25,0.0366593115032
unet_shuffle_inception_no_progressive,288.5,0.0183582156897
unet_shuffle_inception_no_progressive,257.25,0.0176652111113
unet_shuffle_inception_no_progressive,197.25,0.0177387967706
unet_shuffle_inception_no_progressive,93.25,0.0140882842243
unet_shuffle_inception_no_progressive,89.75,0.00938662700355
unet_shuffle_inception_no_progressive,119.142857143,0.00859201140702
unet_shuffle_inception_no_progressive,295.75,0.00299921439728
unet_shuffle_inception_no_progressive,490.0,0.00090930541046
unet_shuffle_inception_no_progressive,585.75,0.000823854876217
unet_shuffle_inception_no_progressive,685.5,0.00259261461906
unet_shuffle_inception_no_progressive,754.25,0.000509255100042
unet_shuffle_inception_no_progressive,798.25,0.00318851345219
unet_shuffle_inception_no_progressive,811.0,0.0145816830918
unet_shuffle_inception_no_progressive,782.5,0.0256020650268
unet_shuffle_inception_no_progressive,776.5,0.0293708462268
unet_shuffle_inception_no_progressive,772.0,0.0284944847226
unet_shuffle_inception_no_progressive,746.5,0.026626072824
unet_shuffle_inception_no_progressive,689.25,0.0246751792729
unet_shuffle_inception_no_progressive,608.5,0.02683249861
unet_shuffle_inception_no_progressive,489.5,0.0225303228945
unet_shuffle_inception_no_progressive,310.25,0.0124957710505
unet_shuffle_inception_no_progressive,228.25,0.0110659599304
unet_shuffle_inception_no_progressive,91.8571428571,0.0100677665323
unet_shuffle_inception_no_progressive,103.25,0.000806868949439
unet_shuffle_inception_no_progressive,129.0,0.000598102400545
unet_shuffle_inception_no_progressive,132.0,0.000399284152081
unet_shuffle_inception_no_progressive,122.5,0.000932513677981
unet_shuffle_inception_no_progressive,199.0,0.0107048954815
unet_shuffle_inception_no_progressive,294.0,0.0141309034079
unet_shuffle_inception_no_progressive,546.0,0.0209741480649
unet_shuffle_inception_no_progressive,739.0,0.05367405340075
unet_shuffle_inception_no_progressive,1009.0,0.070390433073
unet_shuffle_inception_no_progressive,1127.0,0.0743912085891
unet_shuffle_inception_no_progressive,625.0,0.0456146709621
unet_shuffle_inception_no_progressive,621.0,0.0352566726506
unet_shuffle_inception_no_progressive,1221.0,0.0617646500468
unet_shuffle_inception_no_progressive,1142.0,0.0544478185475
unet_shuffle_inception_no_progressive,1020.0,0.0627235770226
unet_shuffle_inception_no_progressive,75.1666666667,0.000700459815562
unet_shuffle_inception_no_progressive,123.0,0.000370326684788
unet_shuffle_inception_no_progressive,75.75,0.00550686009228
unet_shuffle_inception_no_progressive,77.3333333333,0.00774810556322
unet_shuffle_inception_no_progressive,72.1666666667,0.000558696920052
unet_shuffle_inception_no_progressive,165.333333333,0.000669834960718
unet_shuffle_inception_no_progressive,314.333333333,0.00194322958123
unet_shuffle_inception_no_progressive,219.8,0.00129289506003
unet_shuffle_inception_no_progressive,236.833333333,0.00516115128994
unet_shuffle_inception_no_progressive,269.5,0.00224435562268
unet_shuffle_inception_no_progressive,265.25,0.00343036325648
unet_shuffle_inception_no_progressive,306.0,0.0013817868894
unet_shuffle_inception_no_progressive,240.666666667,0.00256165396422
unet_shuffle_inception_no_progressive,90.6666666667,0.00383145920932
unet_shuffle_inception_no_progressive,138.0,0.00632621021941
unet_shuffle_inception_no_progressive,206.0,0.00923886150122
unet_shuffle_inception_no_progressive,24.25,0.00114192126784
unet_shuffle_inception_no_progressive,28.5,0.00142486847471
unet_shuffle_inception_no_progressive,56.0,0.00323052424937
unet_shuffle_inception_no_progressive,242.0,0.00697826780379
unet_shuffle_inception_no_progressive,308.333333333,0.0169757455587
unet_shuffle_inception_no_progressive,307.5,0.00140019273385
unet_shuffle_inception_no_progressive,422.75,0.00317980023101
unet_shuffle_inception_no_progressive,447.25,0.00200332165696
unet_shuffle_inception_no_progressive,456.0,0.00195977976546
unet_shuffle_inception_no_progressive,461.0,0.000738237402402
unet_shuffle_inception_no_progressive,481.0,0.00299596018158
unet_shuffle_inception_no_progressive,520.5,0.00266009196639
unet_shuffle_inception_no_progressive,525.25,0.0025258117821100002
unet_shuffle_inception_no_progressive,548.5,0.0026201934088
unet_shuffle_inception_no_progressive,552.0,0.00246589677408
unet_shuffle_inception_no_progressive,528.5,0.00100531685166
unet_shuffle_inception_no_progressive,540.5,0.00327223772183
unet_shuffle_inception_no_progressive,551.75,0.00309398444369
unet_shuffle_inception_no_progressive,416.0,0.00218964740634
unet_shuffle_inception_no_progressive,333.5,0.0010168566950574998
unet_shuffle_inception_no_progressive,315.5,0.001056850655
unet_shuffle_inception_no_progressive,181.25,0.000822649395559
unet_shuffle_inception_no_progressive,126.5,0.000637211487629
unet_shuffle_inception_no_progressive,80.25,0.000767015793826
unet_shuffle_inception_no_progressive,59.6666666667,0.000585801841225
unet_shuffle_inception_no_progressive,62.6666666667,0.000706165970769
unet_shuffle_inception_no_progressive,68.6666666667,0.00109867099673
unet_shuffle_inception_no_progressive,75.3333333333,0.000605355831794
unet_shuffle_inception_no_progressive,40.6666666667,0.000899385137018
unet_shuffle_inception_no_progressive,54.3333333333,0.00680790981278
unet_shuffle_inception_no_progressive,16.4,0.000268656876869
unet_shuffle_inception_no_progressive,23.5714285714,0.00107245030813
unet_shuffle_inception_no_progressive,42.7142857143,0.000141554832226
unet_shuffle_inception_no_progressive,87.25,0.00307259638794
unet_shuffle_inception_no_progressive,25.5,0.00035447452683
unet_shuffle_inception_no_progressive,44.5,0.0049333108327125
unet_shuffle_inception_no_progressive,63.5,0.000197152563487
unet_shuffle_inception_no_progressive,306.333333333,0.000522900256328
unet_shuffle_inception_no_progressive,351.666666667,0.00098759541288
unet_shuffle_inception_no_progressive,428.666666667,0.000868950388394
unet_shuffle_inception_no_progressive,589.333333333,0.00286529120058
unet_shuffle_inception_no_progressive,757.0,0.00360643304884
unet_shuffle_inception_no_progressive,943.0,0.00088426831644
unet_shuffle_inception_no_progressive,908.0,0.00225030537695
unet_shuffle_inception_no_progressive,810.666666667,0.00116283050738
unet_shuffle_inception_no_progressive,686.666666667,0.00631324853748
unet_shuffle_inception_no_progressive,581.0,0.00827516149729
unet_shuffle_inception_no_progressive,135.0,0.00568269239739
unet_shuffle_inception_no_progressive,42.5,0.000625158660114
unet_shuffle_inception_no_progressive,33.6666666667,0.00088843901176
unet_shuffle_inception_no_progressive,228.0,0.0693636983633
unet_shuffle_inception_no_progressive,338.0,0.095161870122
unet_shuffle_inception_no_progressive,902.0,0.241794154048
unet_shuffle_inception_no_progressive,939.0,0.285195380449
unet_shuffle_inception_no_progressive,904.0,0.288732230663
unet_shuffle_inception_no_progressive,793.0,0.241371825337
unet_shuffle_inception_no_progressive,693.0,0.184324741364
unet_shuffle_inception_no_progressive,633.0,0.136140823364
unet_shuffle_inception_no_progressive,616.0,0.116526946425
unet_shuffle_inception_no_progressive,592.0,0.118770092726
unet_shuffle_inception_no_progressive,543.0,0.0962698310614
unet_shuffle_inception_no_progressive,398.0,0.0670715123415
unet_shuffle_inception_no_progressive,235.0,0.0136144189164
unet_shuffle_inception_no_progressive,411.75,0.0260595362633
unet_shuffle_inception_no_progressive,526.5,0.0315757617354
unet_shuffle_inception_no_progressive,503.75,0.0303092226386
unet_shuffle_inception_no_progressive,503.0,0.0285537019372
unet_shuffle_inception_no_progressive,404.25,0.0166049320251
unet_shuffle_inception_no_progressive,313.25,0.00917738489807
unet_shuffle_inception_no_progressive,170.75,0.00598783418536
unet_shuffle_inception_no_progressive,178.5,0.0150742409751
unet_shuffle_inception_no_progressive,297.25,0.000299656880088
unet_shuffle_inception_no_progressive,389.0,0.000445519050118
unet_shuffle_inception_no_progressive,438.0,0.000450335093774
unet_shuffle_inception_no_progressive,198.5,0.000462220225018
unet_shuffle_inception_no_progressive,139.333333333,0.00166163884569
unet_shuffle_inception_no_progressive,236.5,0.00357168354094
unet_shuffle_inception_no_progressive,298.0,0.013047106564
