Modality,Annotation Size,FN
unet_shuffle_inception_no_progressive,52.75,52.999835968
unet_shuffle_inception_no_progressive,71.5,79.9584121704
unet_shuffle_inception_no_progressive,30.25,28.489242553700002
unet_shuffle_inception_no_progressive,30.3333333333,28.447333653766666
unet_shuffle_inception_no_progressive,28.0,27.986351966866668
unet_shuffle_inception_no_progressive,20.25,19.42206001285
unet_shuffle_inception_no_progressive,9.33333333333,3.99984741211
unet_shuffle_inception_no_progressive,26.0,22.558770060553748
unet_shuffle_inception_no_progressive,21.0,17.236783027653637
unet_shuffle_inception_no_progressive,24.0,22.698904991139994
unet_shuffle_inception_no_progressive,40.75,38.9998855591
unet_shuffle_inception_no_progressive,38.5,38.663444900500004
unet_shuffle_inception_no_progressive,20.75,23.9999599457
unet_shuffle_inception_no_progressive,19.0,18.976778348283332
unet_shuffle_inception_no_progressive,6.0,5.496467685702
unet_shuffle_inception_no_progressive,16.0,16.86024618149
unet_shuffle_inception_no_progressive,29.5,14.999261379250001
unet_shuffle_inception_no_progressive,37.5,30.164419174200003
unet_shuffle_inception_no_progressive,17.0,17.199516296389998
unet_shuffle_inception_no_progressive,13.0,11.439892186071113
unet_shuffle_inception_no_progressive,52.0,48.299127578733334
unet_shuffle_inception_no_progressive,40.0,36.347498655299994
unet_shuffle_inception_no_progressive,80.0,76.98952356973334
unet_shuffle_inception_no_progressive,50.0,52.89092699688334
unet_shuffle_inception_no_progressive,19.6666666667,23.665116628000003
unet_shuffle_inception_no_progressive,29.1666666667,38.0366210938
unet_shuffle_inception_no_progressive,45.25,50.99980545045
unet_shuffle_inception_no_progressive,63.0,56.862575531
unet_shuffle_inception_no_progressive,31.3333333333,29.499535560600002
unet_shuffle_inception_no_progressive,124.0,124.0
unet_shuffle_inception_no_progressive,114.0,125.65522257466667
unet_shuffle_inception_no_progressive,127.666666667,85.9783630371
unet_shuffle_inception_no_progressive,203.0,124.0275497435
unet_shuffle_inception_no_progressive,240.333333333,64.5752258301
unet_shuffle_inception_no_progressive,147.0,57.4983177185
unet_shuffle_inception_no_progressive,50.6666666667,44.9991760254
unet_shuffle_inception_no_progressive,18.0,15.180231332778334
unet_shuffle_inception_no_progressive,56.5,40.0
unet_shuffle_inception_no_progressive,97.0,67.0960979462
unet_shuffle_inception_no_progressive,146.5,33.2040138245
unet_shuffle_inception_no_progressive,107.5,69.6734542847
unet_shuffle_inception_no_progressive,48.3333333333,40.0
unet_shuffle_inception_no_progressive,191.0,185.52612241116665
unet_shuffle_inception_no_progressive,208.0,53.8672523499
unet_shuffle_inception_no_progressive,47.0,44.76230773924
unet_shuffle_inception_no_progressive,32.0,33.16428693135
unet_shuffle_inception_no_progressive,121.0,105.1697006226
unet_shuffle_inception_no_progressive,17.6666666667,20.9967193604
unet_shuffle_inception_no_progressive,23.0,22.316533470160003
unet_shuffle_inception_no_progressive,113.75,95.0
unet_shuffle_inception_no_progressive,148.75,112.0
unet_shuffle_inception_no_progressive,201.75,279.0
unet_shuffle_inception_no_progressive,239.75,257.0
unet_shuffle_inception_no_progressive,289.5,281.0
unet_shuffle_inception_no_progressive,248.0,212.0
unet_shuffle_inception_no_progressive,104.0,120.0
unet_shuffle_inception_no_progressive,94.0,85.4973983765
unet_shuffle_inception_no_progressive,77.0,67.38886566160001
unet_shuffle_inception_no_progressive,211.0,236.4858703615
unet_shuffle_inception_no_progressive,174.75,119.95904541
unet_shuffle_inception_no_progressive,406.5,317.270782471
unet_shuffle_inception_no_progressive,471.75,363.40927124
unet_shuffle_inception_no_progressive,365.25,426.631225586
unet_shuffle_inception_no_progressive,158.75,178.999328613
unet_shuffle_inception_no_progressive,153.0,171.99962870266666
unet_shuffle_inception_no_progressive,148.333333333,137.999938965
unet_shuffle_inception_no_progressive,145.5,127.999969482
unet_shuffle_inception_no_progressive,140.5,103.999984741
unet_shuffle_inception_no_progressive,101.0,94.4999923706
unet_shuffle_inception_no_progressive,141.0,141.4692001345
unet_shuffle_inception_no_progressive,172.25,167.993835449
unet_shuffle_inception_no_progressive,169.5,174.992416382
unet_shuffle_inception_no_progressive,141.75,144.999557495
unet_shuffle_inception_no_progressive,85.0,74.20762729635
unet_shuffle_inception_no_progressive,59.0,45.369148572283336
unet_shuffle_inception_no_progressive,12.0,12.01736937628
unet_shuffle_inception_no_progressive,7.0,7.284949643272858
unet_shuffle_inception_no_progressive,14.0,12.903850555427002
unet_shuffle_inception_no_progressive,27.0,25.10578904832857
unet_shuffle_inception_no_progressive,99.3333333333,56.0662841797
unet_shuffle_inception_no_progressive,135.666666667,42.9996948242
unet_shuffle_inception_no_progressive,180.5,134.72052001975
unet_shuffle_inception_no_progressive,188.75,81.5151062012
unet_shuffle_inception_no_progressive,221.75,65.7824783325
unet_shuffle_inception_no_progressive,228.5,96.8289108276
unet_shuffle_inception_no_progressive,239.0,144.705657959
unet_shuffle_inception_no_progressive,251.25,105.636856079
unet_shuffle_inception_no_progressive,231.0,168.47038269
unet_shuffle_inception_no_progressive,231.75,148.674835205
unet_shuffle_inception_no_progressive,222.25,170.588684082
unet_shuffle_inception_no_progressive,217.25,123.841156006
unet_shuffle_inception_no_progressive,215.75,140.642959595
unet_shuffle_inception_no_progressive,206.5,185.836181641
unet_shuffle_inception_no_progressive,186.75,108.212005615
unet_shuffle_inception_no_progressive,162.25,141.5257377625
unet_shuffle_inception_no_progressive,146.75,110.572387695
unet_shuffle_inception_no_progressive,130.75,130.031936646
unet_shuffle_inception_no_progressive,33.0,29.391111373899996
unet_shuffle_inception_no_progressive,18.25,22.9994335175
unet_shuffle_inception_no_progressive,160.0,147.102851868
unet_shuffle_inception_no_progressive,190.0,187.4253463745
unet_shuffle_inception_no_progressive,245.0,245.0
unet_shuffle_inception_no_progressive,181.0,226.4957580565
unet_shuffle_inception_no_progressive,210.5,256.0
unet_shuffle_inception_no_progressive,185.0,237.0
unet_shuffle_inception_no_progressive,135.5,143.0
unet_shuffle_inception_no_progressive,166.5,213.999938965
unet_shuffle_inception_no_progressive,176.75,188.999847412
unet_shuffle_inception_no_progressive,136.75,147.999954224
unet_shuffle_inception_no_progressive,116.5,64.9999847412
unet_shuffle_inception_no_progressive,89.25,66.96631622315
unet_shuffle_inception_no_progressive,52.5,56.99994659425
unet_shuffle_inception_no_progressive,40.5,45.20178985595
unet_shuffle_inception_no_progressive,78.0,81.0
unet_shuffle_inception_no_progressive,112.0,111.999973297
unet_shuffle_inception_no_progressive,122.0,121.99891281149999
unet_shuffle_inception_no_progressive,134.0,134.0
unet_shuffle_inception_no_progressive,150.0,109.99775568630001
unet_shuffle_inception_no_progressive,180.0,180.0
unet_shuffle_inception_no_progressive,186.0,114.49999809265
unet_shuffle_inception_no_progressive,202.0,202.0
unet_shuffle_inception_no_progressive,194.0,194.0
unet_shuffle_inception_no_progressive,214.0,214.0
unet_shuffle_inception_no_progressive,54.5,58.49981307985
unet_shuffle_inception_no_progressive,69.25,67.540309906
unet_shuffle_inception_no_progressive,83.25,74.9991760254
unet_shuffle_inception_no_progressive,69.0,68.49979400635
unet_shuffle_inception_no_progressive,38.0,44.5866760254
unet_shuffle_inception_no_progressive,54.0,40.7830722809
unet_shuffle_inception_no_progressive,95.5,56.722347497804996
unet_shuffle_inception_no_progressive,161.0,112.8739776612
unet_shuffle_inception_no_progressive,314.5,27.1523628235
unet_shuffle_inception_no_progressive,351.0,18.7385940552
unet_shuffle_inception_no_progressive,389.75,123.221939087
unet_shuffle_inception_no_progressive,247.714285714,1.99994277954
unet_shuffle_inception_no_progressive,240.75,36.6083030701
unet_shuffle_inception_no_progressive,237.555555556,104.004180908
unet_shuffle_inception_no_progressive,242.1,20.9863681793
unet_shuffle_inception_no_progressive,304.181818182,28.6897010803
unet_shuffle_inception_no_progressive,297.909090909,136.999465942
unet_shuffle_inception_no_progressive,355.727272727,54.9319915771
unet_shuffle_inception_no_progressive,311.636363636,182.0
unet_shuffle_inception_no_progressive,284.181818182,84.3920974731
unet_shuffle_inception_no_progressive,219.272727273,134.060012817
unet_shuffle_inception_no_progressive,143.363636364,15.532292366
unet_shuffle_inception_no_progressive,127.285714286,61.7491722107
unet_shuffle_inception_no_progressive,67.4285714286,55.8679466248
unet_shuffle_inception_no_progressive,58.5714285714,13.1951208115
unet_shuffle_inception_no_progressive,88.5,15.9998750687
unet_shuffle_inception_no_progressive,35.0,29.828204790749997
unet_shuffle_inception_no_progressive,10.0,9.857028961181427
unet_shuffle_inception_no_progressive,51.5,71.986946106
unet_shuffle_inception_no_progressive,86.0,66.27487627663334
unet_shuffle_inception_no_progressive,83.0,51.021850585950006
unet_shuffle_inception_no_progressive,82.0,71.8915634155
unet_shuffle_inception_no_progressive,57.0,27.81182670595
unet_shuffle_inception_no_progressive,15.0,13.307167603420767
unet_shuffle_inception_no_progressive,20.0,21.11930921342778
unet_shuffle_inception_no_progressive,22.0,22.614719629299998
unet_shuffle_inception_no_progressive,49.3333333333,40.9999732971
unet_shuffle_inception_no_progressive,61.2,69.0
unet_shuffle_inception_no_progressive,48.0,50.49999809265
unet_shuffle_inception_no_progressive,44.3333333333,48.4999408722
unet_shuffle_inception_no_progressive,130.0,41.6264038086
unet_shuffle_inception_no_progressive,195.0,123.3546409607
unet_shuffle_inception_no_progressive,275.0,15.2034463882
unet_shuffle_inception_no_progressive,249.0,133.8994960785
unet_shuffle_inception_no_progressive,57.25,65.5682983398
unet_shuffle_inception_no_progressive,179.0,138.747360229
unet_shuffle_inception_no_progressive,194.5,56.429050445550004
unet_shuffle_inception_no_progressive,4.0,3.95016559958375
unet_shuffle_inception_no_progressive,11.0,10.713972091671426
unet_shuffle_inception_no_progressive,31.0,29.667152404783334
unet_shuffle_inception_no_progressive,55.6666666667,58.9996986389
unet_shuffle_inception_no_progressive,76.6666666667,99.9989013672
unet_shuffle_inception_no_progressive,95.3333333333,102.997375488
unet_shuffle_inception_no_progressive,94.5,123.975074768
unet_shuffle_inception_no_progressive,80.5,69.62435340905
unet_shuffle_inception_no_progressive,69.5,90.9707183838
unet_shuffle_inception_no_progressive,53.0,53.74092292785
unet_shuffle_inception_no_progressive,41.5,41.9891872406
unet_shuffle_inception_no_progressive,24.5,13.967859268200002
unet_shuffle_inception_no_progressive,49.5,57.49993515015
unet_shuffle_inception_no_progressive,53.5,52.499860763550004
unet_shuffle_inception_no_progressive,87.0,76.3571065267
unet_shuffle_inception_no_progressive,2.0,1.999929070475
unet_shuffle_inception_no_progressive,3.0,2.999984264375
unet_shuffle_inception_no_progressive,9.0,8.297217988968999
unet_shuffle_inception_no_progressive,92.0,93.49722671505
unet_shuffle_inception_no_progressive,88.0,87.9999084473
unet_shuffle_inception_no_progressive,116.0,110.27010726913333
unet_shuffle_inception_no_progressive,64.0,66.7499628067
unet_shuffle_inception_no_progressive,37.0,39.17948627471
unet_shuffle_inception_no_progressive,25.0,24.436382391250003
unet_shuffle_inception_no_progressive,8.0,7.510932445525714
unet_shuffle_inception_no_progressive,220.25,269.999969482
unet_shuffle_inception_no_progressive,434.5,435.999023438
unet_shuffle_inception_no_progressive,464.25,466.266418457
unet_shuffle_inception_no_progressive,356.5,312.067504883
unet_shuffle_inception_no_progressive,132.25,18.9538574219
unet_shuffle_inception_no_progressive,86.5,78.0
unet_shuffle_inception_no_progressive,119.0,120.23746681224999
unet_shuffle_inception_no_progressive,112.5,140.999923706
unet_shuffle_inception_no_progressive,140.0,140.0
unet_shuffle_inception_no_progressive,29.0,25.62402234757143
unet_shuffle_inception_no_progressive,51.0,46.53624248505
unet_shuffle_inception_no_progressive,131.0,128.0
unet_shuffle_inception_no_progressive,212.25,195.0
unet_shuffle_inception_no_progressive,260.0,290.0
unet_shuffle_inception_no_progressive,341.25,359.0
unet_shuffle_inception_no_progressive,378.75,471.0
unet_shuffle_inception_no_progressive,400.5,379.0
unet_shuffle_inception_no_progressive,429.25,377.0
unet_shuffle_inception_no_progressive,454.75,559.0
unet_shuffle_inception_no_progressive,457.5,435.999938965
unet_shuffle_inception_no_progressive,447.0,392.99987793
unet_shuffle_inception_no_progressive,432.25,371.999572754
unet_shuffle_inception_no_progressive,400.0,392.999328613
unet_shuffle_inception_no_progressive,367.75,366.999633789
unet_shuffle_inception_no_progressive,305.0,273.04888916
unet_shuffle_inception_no_progressive,213.5,259.0
unet_shuffle_inception_no_progressive,109.5,128.0
unet_shuffle_inception_no_progressive,5.0,4.99990049998
unet_shuffle_inception_no_progressive,16.5,15.6364490986
unet_shuffle_inception_no_progressive,11.5,6.490863919260001
unet_shuffle_inception_no_progressive,41.0,30.3293586492538
unet_shuffle_inception_no_progressive,61.3333333333,76.0
unet_shuffle_inception_no_progressive,72.6666666667,63.9999923706
unet_shuffle_inception_no_progressive,72.0,76.66608428956667
unet_shuffle_inception_no_progressive,70.3333333333,74.9999923706
unet_shuffle_inception_no_progressive,30.6666666667,28.333077112833333
unet_shuffle_inception_no_progressive,33.5,23.3318223953
unet_shuffle_inception_no_progressive,34.5,45.9997138977
unet_shuffle_inception_no_progressive,36.5,28.4993429184
unet_shuffle_inception_no_progressive,36.875,44.0
unet_shuffle_inception_no_progressive,58.25,19.5675430298
unet_shuffle_inception_no_progressive,21.5,14.0518217087
unet_shuffle_inception_no_progressive,28.3333333333,23.9984178543
unet_shuffle_inception_no_progressive,73.0,40.1711921692
unet_shuffle_inception_no_progressive,61.0,41.8819732666
unet_shuffle_inception_no_progressive,42.0,35.869789123524995
unet_shuffle_inception_no_progressive,43.5,48.66660435993333
unet_shuffle_inception_no_progressive,6.66666666667,10.9948472977
unet_shuffle_inception_no_progressive,40.25,16.439436435725
unet_shuffle_inception_no_progressive,37.25,5.73874282837
unet_shuffle_inception_no_progressive,30.75,34.9999961853
unet_shuffle_inception_no_progressive,44.6666666667,61.9999847412
unet_shuffle_inception_no_progressive,87.6666666667,60.999628067
unet_shuffle_inception_no_progressive,105.0,91.9890365601
unet_shuffle_inception_no_progressive,23.5,22.9970140457
unet_shuffle_inception_no_progressive,36.1666666667,39.9999465942
unet_shuffle_inception_no_progressive,36.4,16.9994316101
unet_shuffle_inception_no_progressive,32.6666666667,36.4999809265
unet_shuffle_inception_no_progressive,70.5,65.0
unet_shuffle_inception_no_progressive,150.5,143.0
unet_shuffle_inception_no_progressive,71.25,60.5
unet_shuffle_inception_no_progressive,44.0,41.977058410649995
unet_shuffle_inception_no_progressive,34.0,36.777502271866666
unet_shuffle_inception_no_progressive,91.0,91.0
unet_shuffle_inception_no_progressive,15.3333333333,15.9963579178
unet_shuffle_inception_no_progressive,29.25,15.1571874619
unet_shuffle_inception_no_progressive,33.25,27.101266861
unet_shuffle_inception_no_progressive,16.25,17.99417376518
unet_shuffle_inception_no_progressive,58.75,3.99995660782
unet_shuffle_inception_no_progressive,86.25,96.9988098145
unet_shuffle_inception_no_progressive,146.25,166.931381226
unet_shuffle_inception_no_progressive,201.5,83.7383499146
unet_shuffle_inception_no_progressive,225.0,31.8522891998
unet_shuffle_inception_no_progressive,247.5,43.1249656677
unet_shuffle_inception_no_progressive,257.0,170.47215271
unet_shuffle_inception_no_progressive,265.75,102.951843262
unet_shuffle_inception_no_progressive,278.0,224.59048080425
unet_shuffle_inception_no_progressive,199.25,188.930725098
unet_shuffle_inception_no_progressive,147.75,182.971511841
unet_shuffle_inception_no_progressive,73.6666666667,4.99992609024
unet_shuffle_inception_no_progressive,39.0,24.48333698512
unet_shuffle_inception_no_progressive,32.3333333333,27.992480278000002
unet_shuffle_inception_no_progressive,9.5,2.99999952316
unet_shuffle_inception_no_progressive,77.25,70.76142883305
unet_shuffle_inception_no_progressive,93.5,138.999984741
unet_shuffle_inception_no_progressive,30.0,30.427936826442856
unet_shuffle_inception_no_progressive,102.0,124.0
unet_shuffle_inception_no_progressive,160.666666667,195.0
unet_shuffle_inception_no_progressive,307.666666667,294.0
unet_shuffle_inception_no_progressive,385.666666667,402.0
unet_shuffle_inception_no_progressive,437.333333333,468.0
unet_shuffle_inception_no_progressive,514.0,533.0
unet_shuffle_inception_no_progressive,568.333333333,625.0
unet_shuffle_inception_no_progressive,605.0,590.0
unet_shuffle_inception_no_progressive,687.666666667,649.0
unet_shuffle_inception_no_progressive,739.333333333,699.0
unet_shuffle_inception_no_progressive,736.0,755.0
unet_shuffle_inception_no_progressive,776.0,776.0
unet_shuffle_inception_no_progressive,740.333333333,679.0
unet_shuffle_inception_no_progressive,662.0,638.0
unet_shuffle_inception_no_progressive,536.333333333,537.0
unet_shuffle_inception_no_progressive,393.0,364.0
unet_shuffle_inception_no_progressive,316.333333333,309.0
unet_shuffle_inception_no_progressive,265.333333333,294.0
unet_shuffle_inception_no_progressive,143.666666667,113.0
unet_shuffle_inception_no_progressive,59.5,51.33331044513333
unet_shuffle_inception_no_progressive,46.6666666667,44.3510322571
unet_shuffle_inception_no_progressive,26.5,27.9999141693
unet_shuffle_inception_no_progressive,43.0,41.942859649666666
unet_shuffle_inception_no_progressive,66.0,48.52204259236667
unet_shuffle_inception_no_progressive,36.0,33.749921560275
unet_shuffle_inception_no_progressive,18.3333333333,4.99999237061
unet_shuffle_inception_no_progressive,79.3333333333,98.9987182617
unet_shuffle_inception_no_progressive,31.6666666667,22.9968147278
unet_shuffle_inception_no_progressive,92.3333333333,47.7178726196
unet_shuffle_inception_no_progressive,128.0,95.39884567255001
unet_shuffle_inception_no_progressive,154.333333333,92.4369888306
unet_shuffle_inception_no_progressive,89.6666666667,68.12651443485001
unet_shuffle_inception_no_progressive,19.5,22.278293609633334
unet_shuffle_inception_no_progressive,143.0,137.0436706545
unet_shuffle_inception_no_progressive,133.333333333,81.0791854858
unet_shuffle_inception_no_progressive,85.6666666667,72.7737503052
unet_shuffle_inception_no_progressive,63.6666666667,51.9998016357
unet_shuffle_inception_no_progressive,51.6666666667,56.9996490479
unet_shuffle_inception_no_progressive,75.0,48.008390426649996
unet_shuffle_inception_no_progressive,203.25,183.14616394
unet_shuffle_inception_no_progressive,188.25,128.808349609
unet_shuffle_inception_no_progressive,111.0,127.999702454
unet_shuffle_inception_no_progressive,16.3333333333,7.209747552895
unet_shuffle_inception_no_progressive,43.3333333333,48.56816482545
unet_shuffle_inception_no_progressive,134.75,141.999984741
unet_shuffle_inception_no_progressive,242.25,317.999969482
unet_shuffle_inception_no_progressive,316.5,263.999908447
unet_shuffle_inception_no_progressive,334.8,375.999664307
unet_shuffle_inception_no_progressive,421.6,535.998535156
unet_shuffle_inception_no_progressive,646.5,629.996398926
unet_shuffle_inception_no_progressive,720.75,901.997314453
unet_shuffle_inception_no_progressive,753.5,760.997497559
unet_shuffle_inception_no_progressive,826.5,882.998046875
unet_shuffle_inception_no_progressive,806.5,883.998474121
unet_shuffle_inception_no_progressive,736.5,613.997314453
unet_shuffle_inception_no_progressive,697.5,820.996582031
unet_shuffle_inception_no_progressive,659.25,732.995910645
unet_shuffle_inception_no_progressive,560.25,448.9921875
unet_shuffle_inception_no_progressive,466.25,369.971923828
unet_shuffle_inception_no_progressive,347.25,395.768798828
unet_shuffle_inception_no_progressive,215.5,130.901550293
unet_shuffle_inception_no_progressive,130.666666667,153.986541748
unet_shuffle_inception_no_progressive,62.0,63.248730659475
unet_shuffle_inception_no_progressive,76.0,76.0
unet_shuffle_inception_no_progressive,99.0,98.9999542236
unet_shuffle_inception_no_progressive,182.0,182.0
unet_shuffle_inception_no_progressive,323.0,323.0
unet_shuffle_inception_no_progressive,472.0,472.0
unet_shuffle_inception_no_progressive,506.0,506.0
unet_shuffle_inception_no_progressive,529.0,529.0
unet_shuffle_inception_no_progressive,534.0,534.0
unet_shuffle_inception_no_progressive,567.0,567.0
unet_shuffle_inception_no_progressive,441.0,441.0
unet_shuffle_inception_no_progressive,445.0,445.0
unet_shuffle_inception_no_progressive,561.0,561.0
unet_shuffle_inception_no_progressive,589.0,529.5
unet_shuffle_inception_no_progressive,575.0,575.0
unet_shuffle_inception_no_progressive,523.0,523.0
unet_shuffle_inception_no_progressive,350.0,349.984863281
unet_shuffle_inception_no_progressive,383.0,383.0
unet_shuffle_inception_no_progressive,358.0,358.0
unet_shuffle_inception_no_progressive,327.0,326.999938965
unet_shuffle_inception_no_progressive,290.0,289.988769531
unet_shuffle_inception_no_progressive,21.3333333333,14.9999980927
unet_shuffle_inception_no_progressive,56.75,66.9999084473
unet_shuffle_inception_no_progressive,68.75,47.9997901917
unet_shuffle_inception_no_progressive,70.0,78.9996871948
unet_shuffle_inception_no_progressive,62.5,48.998966217
unet_shuffle_inception_no_progressive,49.75,66.9985733032
unet_shuffle_inception_no_progressive,198.0,197.983177185
unet_shuffle_inception_no_progressive,128.5,63.0
unet_shuffle_inception_no_progressive,176.5,324.524017334
unet_shuffle_inception_no_progressive,177.5,40.9999885559
unet_shuffle_inception_no_progressive,205.0,132.4998970034
unet_shuffle_inception_no_progressive,189.5,336.679321289
unet_shuffle_inception_no_progressive,201.0,49.0
unet_shuffle_inception_no_progressive,207.5,378.17868042
unet_shuffle_inception_no_progressive,175.0,25.0
unet_shuffle_inception_no_progressive,192.0,109.506454468
unet_shuffle_inception_no_progressive,160.5,4.0
unet_shuffle_inception_no_progressive,279.0,275.910339355
unet_shuffle_inception_no_progressive,291.0,288.880004883
unet_shuffle_inception_no_progressive,263.0,261.281066895
unet_shuffle_inception_no_progressive,299.0,293.606170654
unet_shuffle_inception_no_progressive,285.0,267.64474487300004
unet_shuffle_inception_no_progressive,267.0,260.430175781
unet_shuffle_inception_no_progressive,230.0,217.906723022
unet_shuffle_inception_no_progressive,216.0,149.5789489745
unet_shuffle_inception_no_progressive,189.0,184.005432129
unet_shuffle_inception_no_progressive,187.0,185.034332275
unet_shuffle_inception_no_progressive,159.0,134.386894226
unet_shuffle_inception_no_progressive,148.0,147.700256348
unet_shuffle_inception_no_progressive,166.0,165.783966064
unet_shuffle_inception_no_progressive,106.0,105.993469238
unet_shuffle_inception_no_progressive,19.3333333333,24.0
unet_shuffle_inception_no_progressive,24.75,28.499876976
unet_shuffle_inception_no_progressive,31.5,23.9999771118
unet_shuffle_inception_no_progressive,23.75,25.9998378754
unet_shuffle_inception_no_progressive,69.75,63.96251297
unet_shuffle_inception_no_progressive,78.25,67.6473464966
unet_shuffle_inception_no_progressive,83.75,65.7115783691
unet_shuffle_inception_no_progressive,94.25,123.74697113
unet_shuffle_inception_no_progressive,71.0,62.9957885742
unet_shuffle_inception_no_progressive,35.5,48.9999923706
unet_shuffle_inception_no_progressive,36.25,25.839013417566665
unet_shuffle_inception_no_progressive,80.75,31.4588737488
unet_shuffle_inception_no_progressive,57.5,66.3180236816
unet_shuffle_inception_no_progressive,93.6666666667,66.4594573975
unet_shuffle_inception_no_progressive,133.666666667,101.494819641
unet_shuffle_inception_no_progressive,146.333333333,97.9599838257
unet_shuffle_inception_no_progressive,49.0,38.6989021301
unet_shuffle_inception_no_progressive,65.0,64.9824523926
unet_shuffle_inception_no_progressive,45.0,45.081837971999995
unet_shuffle_inception_no_progressive,53.75,24.0124168396
unet_shuffle_inception_no_progressive,12.5,14.999985694900001
unet_shuffle_inception_no_progressive,90.0,68.94202804565
unet_shuffle_inception_no_progressive,227.0,192.219482422
unet_shuffle_inception_no_progressive,272.0,242.581298828
unet_shuffle_inception_no_progressive,265.0,236.13949585
unet_shuffle_inception_no_progressive,162.0,161.856170654
unet_shuffle_inception_no_progressive,67.0,72.9988937378
unet_shuffle_inception_no_progressive,45.3333333333,53.8674049377
unet_shuffle_inception_no_progressive,11.25,24.0
unet_shuffle_inception_no_progressive,47.5,35.5
unet_shuffle_inception_no_progressive,48.5,64.0
unet_shuffle_inception_no_progressive,30.5,27.0
unet_shuffle_inception_no_progressive,212.0,118.096679688
unet_shuffle_inception_no_progressive,169.0,128.8307062786
unet_shuffle_inception_no_progressive,79.5,23.852098465
unet_shuffle_inception_no_progressive,34.25,41.9999885559
unet_shuffle_inception_no_progressive,26.3333333333,36.48467826845
unet_shuffle_inception_no_progressive,20.5,25.2303600311
unet_shuffle_inception_no_progressive,17.5,21.7088623047
unet_shuffle_inception_no_progressive,8.5,11.980682373
unet_shuffle_inception_no_progressive,26.6666666667,19.0
unet_shuffle_inception_no_progressive,49.6666666667,52.999481201150004
unet_shuffle_inception_no_progressive,45.6666666667,64.0
unet_shuffle_inception_no_progressive,27.3333333333,10.0
unet_shuffle_inception_no_progressive,52.6666666667,73.0
unet_shuffle_inception_no_progressive,39.6666666667,30.0
unet_shuffle_inception_no_progressive,14.3333333333,16.9996948242
unet_shuffle_inception_no_progressive,179.666666667,110.982711792
unet_shuffle_inception_no_progressive,268.333333333,83.7333221436
unet_shuffle_inception_no_progressive,55.0,41.4955463409
unet_shuffle_inception_no_progressive,6.5,7.499994754795
unet_shuffle_inception_no_progressive,39.5,31.99985313415
unet_shuffle_inception_no_progressive,38.25,20.6702747345
unet_shuffle_inception_no_progressive,61.25,43.9178543091
unet_shuffle_inception_no_progressive,85.75,18.6648159027
unet_shuffle_inception_no_progressive,98.75,21.5703430176
unet_shuffle_inception_no_progressive,97.25,49.762966156
unet_shuffle_inception_no_progressive,66.75,24.5523738861
unet_shuffle_inception_no_progressive,41.3333333333,6.30279636383
unet_shuffle_inception_no_progressive,84.0,110.999954224
unet_shuffle_inception_no_progressive,108.666666667,117.999473572
unet_shuffle_inception_no_progressive,149.0,84.9988708496
unet_shuffle_inception_no_progressive,163.666666667,197.992797852
unet_shuffle_inception_no_progressive,159.666666667,193.987243652
unet_shuffle_inception_no_progressive,190.333333333,141.994537354
unet_shuffle_inception_no_progressive,260.333333333,177.932693481
unet_shuffle_inception_no_progressive,304.0,255.860107422
unet_shuffle_inception_no_progressive,272.666666667,191.868041992
unet_shuffle_inception_no_progressive,233.0,161.945388794
unet_shuffle_inception_no_progressive,243.0,301.892700195
unet_shuffle_inception_no_progressive,253.0,246.929580688
unet_shuffle_inception_no_progressive,238.0,278.953613281
unet_shuffle_inception_no_progressive,227.333333333,268.98236084
unet_shuffle_inception_no_progressive,250.0,299.983459473
unet_shuffle_inception_no_progressive,136.0,135.989257812
unet_shuffle_inception_no_progressive,58.0,53.00859705606666
unet_shuffle_inception_no_progressive,94.6666666667,98.9946212769
unet_shuffle_inception_no_progressive,118.333333333,157.531509399
unet_shuffle_inception_no_progressive,121.333333333,88.9623718262
unet_shuffle_inception_no_progressive,321.666666667,316.442230225
unet_shuffle_inception_no_progressive,367.666666667,344.656097412
unet_shuffle_inception_no_progressive,413.333333333,384.91246032699996
unet_shuffle_inception_no_progressive,362.333333333,257.037719727
unet_shuffle_inception_no_progressive,346.0,190.442062378
unet_shuffle_inception_no_progressive,339.666666667,176.689361572
unet_shuffle_inception_no_progressive,341.0,239.207565308
unet_shuffle_inception_no_progressive,240.0,142.579727173
unet_shuffle_inception_no_progressive,228.666666667,49.8494377136
unet_shuffle_inception_no_progressive,200.0,66.8839416504
unet_shuffle_inception_no_progressive,217.333333333,94.9493026733
unet_shuffle_inception_no_progressive,196.666666667,113.894165039
unet_shuffle_inception_no_progressive,173.5,206.998077393
unet_shuffle_inception_no_progressive,142.0,141.999023438
unet_shuffle_inception_no_progressive,168.0,167.988922119
unet_shuffle_inception_no_progressive,193.0,192.98765564
unet_shuffle_inception_no_progressive,146.0,145.944473267
unet_shuffle_inception_no_progressive,158.0,157.924133301
unet_shuffle_inception_no_progressive,81.0,80.99967193604999
unet_shuffle_inception_no_progressive,48.75,28.0601806641
unet_shuffle_inception_no_progressive,75.25,20.991607666
unet_shuffle_inception_no_progressive,62.75,34.342693328850004
unet_shuffle_inception_no_progressive,56.25,54.0
unet_shuffle_inception_no_progressive,37.75,22.0
unet_shuffle_inception_no_progressive,96.0,105.4999923706
unet_shuffle_inception_no_progressive,156.0,141.542175293
unet_shuffle_inception_no_progressive,145.0,144.929382324
unet_shuffle_inception_no_progressive,171.0,225.4982452395
unet_shuffle_inception_no_progressive,87.5,56.9092941284
unet_shuffle_inception_no_progressive,38.6666666667,23.9784402847
unet_shuffle_inception_no_progressive,163.0,163.0
unet_shuffle_inception_no_progressive,131.5,131.0
unet_shuffle_inception_no_progressive,108.5,113.0
unet_shuffle_inception_no_progressive,57.6666666667,45.0
unet_shuffle_inception_no_progressive,46.0,53.9978675842
unet_shuffle_inception_no_progressive,64.5,49.9878578186
unet_shuffle_inception_no_progressive,60.75,71.9999542236
unet_shuffle_inception_no_progressive,35.3333333333,19.814726352685
unet_shuffle_inception_no_progressive,24.6666666667,4.30644321442
unet_shuffle_inception_no_progressive,42.6666666667,45.0
unet_shuffle_inception_no_progressive,27.75,21.9999694824
unet_shuffle_inception_no_progressive,167.0,5.5229845047
unet_shuffle_inception_no_progressive,241.0,33.6744880676
unet_shuffle_inception_no_progressive,223.75,58.4183044434
unet_shuffle_inception_no_progressive,179.333333333,78.3785705566
unet_shuffle_inception_no_progressive,45.75,46.9985351562
unet_shuffle_inception_no_progressive,35.6666666667,34.7177047729
unet_shuffle_inception_no_progressive,166.25,151.0
unet_shuffle_inception_no_progressive,250.25,275.0
unet_shuffle_inception_no_progressive,303.75,339.0
unet_shuffle_inception_no_progressive,366.5,314.0
unet_shuffle_inception_no_progressive,436.75,475.0
unet_shuffle_inception_no_progressive,486.25,491.0
unet_shuffle_inception_no_progressive,550.25,587.0
unet_shuffle_inception_no_progressive,547.75,584.0
unet_shuffle_inception_no_progressive,557.75,589.0
unet_shuffle_inception_no_progressive,555.25,550.0
unet_shuffle_inception_no_progressive,541.0,532.0
unet_shuffle_inception_no_progressive,520.0,515.0
unet_shuffle_inception_no_progressive,482.75,473.0
unet_shuffle_inception_no_progressive,444.0,444.0
unet_shuffle_inception_no_progressive,322.5,319.0
unet_shuffle_inception_no_progressive,267.75,224.0
unet_shuffle_inception_no_progressive,231.5,195.0
unet_shuffle_inception_no_progressive,92.5,94.0
unet_shuffle_inception_no_progressive,246.5,193.0
unet_shuffle_inception_no_progressive,308.0,371.0
unet_shuffle_inception_no_progressive,381.0,284.0
unet_shuffle_inception_no_progressive,540.75,413.0
unet_shuffle_inception_no_progressive,605.75,699.0
unet_shuffle_inception_no_progressive,678.5,764.0
unet_shuffle_inception_no_progressive,700.25,637.0
unet_shuffle_inception_no_progressive,759.25,691.0
unet_shuffle_inception_no_progressive,777.5,849.0
unet_shuffle_inception_no_progressive,787.0,545.0918273925
unet_shuffle_inception_no_progressive,775.5,673.0
unet_shuffle_inception_no_progressive,720.5,774.0
unet_shuffle_inception_no_progressive,674.75,593.0
unet_shuffle_inception_no_progressive,406.25,343.0
unet_shuffle_inception_no_progressive,338.25,367.0
unet_shuffle_inception_no_progressive,288.5,219.0
unet_shuffle_inception_no_progressive,257.25,230.0
unet_shuffle_inception_no_progressive,197.25,234.0
unet_shuffle_inception_no_progressive,93.25,184.0
unet_shuffle_inception_no_progressive,89.75,115.0
unet_shuffle_inception_no_progressive,119.142857143,96.0
unet_shuffle_inception_no_progressive,295.75,198.20050048849998
unet_shuffle_inception_no_progressive,490.0,122.65901947
unet_shuffle_inception_no_progressive,585.75,121.76802063
unet_shuffle_inception_no_progressive,685.5,228.15612793
unet_shuffle_inception_no_progressive,754.25,69.4141159058
unet_shuffle_inception_no_progressive,798.25,342.326660156
unet_shuffle_inception_no_progressive,811.0,687.397521973
unet_shuffle_inception_no_progressive,782.5,818.250915527
unet_shuffle_inception_no_progressive,776.5,786.208190918
unet_shuffle_inception_no_progressive,772.0,766.056274414
unet_shuffle_inception_no_progressive,746.5,733.38861084
unet_shuffle_inception_no_progressive,689.25,722.135009766
unet_shuffle_inception_no_progressive,608.5,626.874145508
unet_shuffle_inception_no_progressive,489.5,451.994140625
unet_shuffle_inception_no_progressive,310.25,243.998382568
unet_shuffle_inception_no_progressive,228.25,176.999954224
unet_shuffle_inception_no_progressive,91.8571428571,129.0
unet_shuffle_inception_no_progressive,103.25,64.0197753906
unet_shuffle_inception_no_progressive,129.0,58.0452384949
unet_shuffle_inception_no_progressive,132.0,20.7608242035
unet_shuffle_inception_no_progressive,122.5,58.8849906921
unet_shuffle_inception_no_progressive,199.0,198.998031616
unet_shuffle_inception_no_progressive,294.0,293.985839844
unet_shuffle_inception_no_progressive,546.0,529.396728516
unet_shuffle_inception_no_progressive,739.0,738.6836242675
unet_shuffle_inception_no_progressive,1009.0,1008.98724365
unet_shuffle_inception_no_progressive,1127.0,1091.39648438
unet_shuffle_inception_no_progressive,625.0,624.986206055
unet_shuffle_inception_no_progressive,621.0,620.985961914
unet_shuffle_inception_no_progressive,1221.0,1206.67053223
unet_shuffle_inception_no_progressive,1142.0,1128.17382812
unet_shuffle_inception_no_progressive,1020.0,1009.70098877
unet_shuffle_inception_no_progressive,75.1666666667,39.450592041
unet_shuffle_inception_no_progressive,123.0,45.6618652344
unet_shuffle_inception_no_progressive,75.75,95.9999389648
unet_shuffle_inception_no_progressive,77.3333333333,144.999389648
unet_shuffle_inception_no_progressive,72.1666666667,48.8718032837
unet_shuffle_inception_no_progressive,165.333333333,30.5727272034
unet_shuffle_inception_no_progressive,314.333333333,162.87171936
unet_shuffle_inception_no_progressive,219.8,102.30304718
unet_shuffle_inception_no_progressive,236.833333333,37.9654769897
unet_shuffle_inception_no_progressive,269.5,107.490921021
unet_shuffle_inception_no_progressive,265.25,17.044839859
unet_shuffle_inception_no_progressive,306.0,124.038513184
unet_shuffle_inception_no_progressive,240.666666667,148.203369141
unet_shuffle_inception_no_progressive,90.6666666667,87.9904708862
unet_shuffle_inception_no_progressive,138.0,137.99760437
unet_shuffle_inception_no_progressive,206.0,205.991790771
unet_shuffle_inception_no_progressive,24.25,22.9999198914
unet_shuffle_inception_no_progressive,28.5,30.9997291565
unet_shuffle_inception_no_progressive,56.0,55.9999771118
unet_shuffle_inception_no_progressive,242.0,199.773910522
unet_shuffle_inception_no_progressive,308.333333333,509.182006836
unet_shuffle_inception_no_progressive,307.5,151.619049072
unet_shuffle_inception_no_progressive,422.75,183.843643188
unet_shuffle_inception_no_progressive,447.25,190.302032471
unet_shuffle_inception_no_progressive,456.0,176.630981445
unet_shuffle_inception_no_progressive,461.0,100.589096069
unet_shuffle_inception_no_progressive,481.0,237.1222229
unet_shuffle_inception_no_progressive,520.5,215.06040191649998
unet_shuffle_inception_no_progressive,525.25,240.17326355
unet_shuffle_inception_no_progressive,548.5,239.15536499
unet_shuffle_inception_no_progressive,552.0,240.590789795
unet_shuffle_inception_no_progressive,528.5,120.711898804
unet_shuffle_inception_no_progressive,540.5,258.070678711
unet_shuffle_inception_no_progressive,551.75,249.651199341
unet_shuffle_inception_no_progressive,416.0,193.395401001
unet_shuffle_inception_no_progressive,333.5,104.709724426
unet_shuffle_inception_no_progressive,315.5,102.314224243
unet_shuffle_inception_no_progressive,181.25,5.04942512512
unet_shuffle_inception_no_progressive,126.5,80.1999206543
unet_shuffle_inception_no_progressive,80.25,59.2917900085
unet_shuffle_inception_no_progressive,59.6666666667,56.0600509644
unet_shuffle_inception_no_progressive,62.6666666667,59.2312355042
unet_shuffle_inception_no_progressive,68.6666666667,68.0229568481
unet_shuffle_inception_no_progressive,75.3333333333,54.5133552551
unet_shuffle_inception_no_progressive,40.6666666667,49.8528862
unet_shuffle_inception_no_progressive,54.3333333333,62.0
unet_shuffle_inception_no_progressive,16.4,4.0
unet_shuffle_inception_no_progressive,23.5714285714,30.9925804138
unet_shuffle_inception_no_progressive,42.7142857143,10.1446971893
unet_shuffle_inception_no_progressive,87.25,59.9998703003
unet_shuffle_inception_no_progressive,25.5,25.0425071716
unet_shuffle_inception_no_progressive,44.5,21.48041915892
unet_shuffle_inception_no_progressive,63.5,17.4801845551
unet_shuffle_inception_no_progressive,306.333333333,55.877204895
unet_shuffle_inception_no_progressive,351.666666667,105.346862793
unet_shuffle_inception_no_progressive,428.666666667,85.3080673218
unet_shuffle_inception_no_progressive,589.333333333,228.71762085
unet_shuffle_inception_no_progressive,757.0,274.579376221
unet_shuffle_inception_no_progressive,943.0,54.7392997742
unet_shuffle_inception_no_progressive,908.0,246.736816406
unet_shuffle_inception_no_progressive,810.666666667,50.5218849182
unet_shuffle_inception_no_progressive,686.666666667,330.514190674
unet_shuffle_inception_no_progressive,581.0,274.660614014
unet_shuffle_inception_no_progressive,135.0,133.105102539
unet_shuffle_inception_no_progressive,42.5,25.6763114929
unet_shuffle_inception_no_progressive,33.6666666667,30.9366321564
unet_shuffle_inception_no_progressive,228.0,228.0
unet_shuffle_inception_no_progressive,338.0,338.0
unet_shuffle_inception_no_progressive,902.0,902.0
unet_shuffle_inception_no_progressive,939.0,939.0
unet_shuffle_inception_no_progressive,904.0,904.0
unet_shuffle_inception_no_progressive,793.0,793.0
unet_shuffle_inception_no_progressive,693.0,693.0
unet_shuffle_inception_no_progressive,633.0,633.0
unet_shuffle_inception_no_progressive,616.0,616.0
unet_shuffle_inception_no_progressive,592.0,592.0
unet_shuffle_inception_no_progressive,543.0,543.0
unet_shuffle_inception_no_progressive,398.0,398.0
unet_shuffle_inception_no_progressive,235.0,227.999908447
unet_shuffle_inception_no_progressive,411.75,482.993774414
unet_shuffle_inception_no_progressive,526.5,552.991943359
unet_shuffle_inception_no_progressive,503.75,521.991333008
unet_shuffle_inception_no_progressive,503.0,496.992034912
unet_shuffle_inception_no_progressive,404.25,426.576812744
unet_shuffle_inception_no_progressive,313.25,315.28237915
unet_shuffle_inception_no_progressive,170.75,195.917709351
unet_shuffle_inception_no_progressive,178.5,370.615997314
unet_shuffle_inception_no_progressive,297.25,35.876789093
unet_shuffle_inception_no_progressive,389.0,60.3272018433
unet_shuffle_inception_no_progressive,438.0,60.8564949036
unet_shuffle_inception_no_progressive,198.5,9.17488956451
unet_shuffle_inception_no_progressive,139.333333333,93.2214660645
unet_shuffle_inception_no_progressive,236.5,155.702041626
unet_shuffle_inception_no_progressive,298.0,245.850128174
