Modality,Annotation Size,FP
unet_shuffle_inception_no_progressive,52.75,0.0880467668176
unet_shuffle_inception_no_progressive,71.5,0.0107438210398
unet_shuffle_inception_no_progressive,30.25,0.5606578290465
unet_shuffle_inception_no_progressive,30.3333333333,54.252417246436664
unet_shuffle_inception_no_progressive,28.0,5.918311844887199
unet_shuffle_inception_no_progressive,20.25,18.31640135867605
unet_shuffle_inception_no_progressive,9.33333333333,39.7075386047
unet_shuffle_inception_no_progressive,26.0,27.011837445137
unet_shuffle_inception_no_progressive,21.0,3.106466670269245
unet_shuffle_inception_no_progressive,24.0,3.96896590702325
unet_shuffle_inception_no_progressive,40.75,0.466587662697
unet_shuffle_inception_no_progressive,38.5,0.4808670580393999
unet_shuffle_inception_no_progressive,20.75,1.735247612
unet_shuffle_inception_no_progressive,19.0,2.185559472690333
unet_shuffle_inception_no_progressive,6.0,101.19134502267563
unet_shuffle_inception_no_progressive,16.0,5.805052156556241
unet_shuffle_inception_no_progressive,29.5,1.634672023356
unet_shuffle_inception_no_progressive,37.5,21.084442049266
unet_shuffle_inception_no_progressive,17.0,2.4363764390314997
unet_shuffle_inception_no_progressive,13.0,5.745099635594345
unet_shuffle_inception_no_progressive,52.0,0.8289657148227166
unet_shuffle_inception_no_progressive,40.0,9.100086245684626
unet_shuffle_inception_no_progressive,80.0,1.1667777399223334
unet_shuffle_inception_no_progressive,50.0,0.5819920711215333
unet_shuffle_inception_no_progressive,19.6666666667,30.553418864806133
unet_shuffle_inception_no_progressive,29.1666666667,0.100309297442
unet_shuffle_inception_no_progressive,45.25,0.0961780846117
unet_shuffle_inception_no_progressive,63.0,109.57333847892868
unet_shuffle_inception_no_progressive,31.3333333333,29.67065560818
unet_shuffle_inception_no_progressive,124.0,0.0603468939662
unet_shuffle_inception_no_progressive,114.0,9.623202612001998
unet_shuffle_inception_no_progressive,127.666666667,0.918916523457
unet_shuffle_inception_no_progressive,203.0,6.27041959761
unet_shuffle_inception_no_progressive,240.333333333,11.6716947556
unet_shuffle_inception_no_progressive,147.0,10.49701941015
unet_shuffle_inception_no_progressive,50.6666666667,0.238726764917
unet_shuffle_inception_no_progressive,18.0,104.15916291852987
unet_shuffle_inception_no_progressive,56.5,1.00017130375
unet_shuffle_inception_no_progressive,97.0,1.8571702241895
unet_shuffle_inception_no_progressive,146.5,7.55150651932
unet_shuffle_inception_no_progressive,107.5,44.7014465332
unet_shuffle_inception_no_progressive,48.3333333333,18.8074035645
unet_shuffle_inception_no_progressive,191.0,17.583947817466665
unet_shuffle_inception_no_progressive,208.0,16.7332954407
unet_shuffle_inception_no_progressive,47.0,2.82639170661702
unet_shuffle_inception_no_progressive,32.0,2.700038356085834
unet_shuffle_inception_no_progressive,121.0,10.142862938350001
unet_shuffle_inception_no_progressive,17.6666666667,8.3378572464
unet_shuffle_inception_no_progressive,23.0,1.33813992962233
unet_shuffle_inception_no_progressive,113.75,1.01334166527
unet_shuffle_inception_no_progressive,148.75,2.04225683212
unet_shuffle_inception_no_progressive,201.75,0.206946849823
unet_shuffle_inception_no_progressive,239.75,0.0998583585024
unet_shuffle_inception_no_progressive,289.5,0.0736074149609
unet_shuffle_inception_no_progressive,248.0,0.597756445408
unet_shuffle_inception_no_progressive,104.0,0.190485775471
unet_shuffle_inception_no_progressive,94.0,1.344301562759
unet_shuffle_inception_no_progressive,77.0,0.8771251082424
unet_shuffle_inception_no_progressive,211.0,10.788800321512
unet_shuffle_inception_no_progressive,174.75,0.684214949608
unet_shuffle_inception_no_progressive,406.5,0.224013507366
unet_shuffle_inception_no_progressive,471.75,0.334688931704
unet_shuffle_inception_no_progressive,365.25,1.18456745148
unet_shuffle_inception_no_progressive,158.75,0.0984501987696
unet_shuffle_inception_no_progressive,153.0,0.12964958945896665
unet_shuffle_inception_no_progressive,148.333333333,0.674068272114
unet_shuffle_inception_no_progressive,145.5,4.00528764725
unet_shuffle_inception_no_progressive,140.5,1.4996650219
unet_shuffle_inception_no_progressive,101.0,8.73696088791
unet_shuffle_inception_no_progressive,141.0,2.6793840751075
unet_shuffle_inception_no_progressive,172.25,2.08824324608
unet_shuffle_inception_no_progressive,169.5,0.640695810318
unet_shuffle_inception_no_progressive,141.75,1.69364356995
unet_shuffle_inception_no_progressive,85.0,86.61952440444826
unet_shuffle_inception_no_progressive,59.0,7.598142964130166
unet_shuffle_inception_no_progressive,12.0,19.01210631741928
unet_shuffle_inception_no_progressive,7.0,2.735063651839814
unet_shuffle_inception_no_progressive,14.0,2.8296809807420296
unet_shuffle_inception_no_progressive,27.0,17.694039521461143
unet_shuffle_inception_no_progressive,99.3333333333,14.075799942
unet_shuffle_inception_no_progressive,135.666666667,14.0619354248
unet_shuffle_inception_no_progressive,180.5,2.5025120973600004
unet_shuffle_inception_no_progressive,188.75,6.50402212143
unet_shuffle_inception_no_progressive,221.75,20.380865097
unet_shuffle_inception_no_progressive,228.5,27.2424201965
unet_shuffle_inception_no_progressive,239.0,1.7484909296
unet_shuffle_inception_no_progressive,251.25,14.5624504089
unet_shuffle_inception_no_progressive,231.0,1.17904293537
unet_shuffle_inception_no_progressive,231.75,5.18481636047
unet_shuffle_inception_no_progressive,222.25,2.55530381203
unet_shuffle_inception_no_progressive,217.25,5.84979820251
unet_shuffle_inception_no_progressive,215.75,2.65843677521
unet_shuffle_inception_no_progressive,206.5,3.62114548683
unet_shuffle_inception_no_progressive,186.75,8.98499393463
unet_shuffle_inception_no_progressive,162.25,1.684208631515
unet_shuffle_inception_no_progressive,146.75,6.72012424469
unet_shuffle_inception_no_progressive,130.75,2.93383765221
unet_shuffle_inception_no_progressive,33.0,17.040498797776948
unet_shuffle_inception_no_progressive,18.25,0.0605710223317
unet_shuffle_inception_no_progressive,160.0,14.4943844278498
unet_shuffle_inception_no_progressive,190.0,4.228181153534999
unet_shuffle_inception_no_progressive,245.0,2.34710264206
unet_shuffle_inception_no_progressive,181.0,18.54091882708
unet_shuffle_inception_no_progressive,210.5,76.83644270903
unet_shuffle_inception_no_progressive,185.0,6.52286672592
unet_shuffle_inception_no_progressive,135.5,17.0074100494
unet_shuffle_inception_no_progressive,166.5,14.4908008575
unet_shuffle_inception_no_progressive,176.75,4.78164291382
unet_shuffle_inception_no_progressive,136.75,1.72847414017
unet_shuffle_inception_no_progressive,116.5,8.88670825958
unet_shuffle_inception_no_progressive,89.25,9.981771178567
unet_shuffle_inception_no_progressive,52.5,4.713284302505301
unet_shuffle_inception_no_progressive,40.5,0.42548374272895
unet_shuffle_inception_no_progressive,78.0,0.2894853539765
unet_shuffle_inception_no_progressive,112.0,177.1062139924303
unet_shuffle_inception_no_progressive,122.0,0.06203410215675
unet_shuffle_inception_no_progressive,134.0,0.0309788919985
unet_shuffle_inception_no_progressive,150.0,0.06293290356793334
unet_shuffle_inception_no_progressive,180.0,0.172728091478
unet_shuffle_inception_no_progressive,186.0,5.06845600532585
unet_shuffle_inception_no_progressive,202.0,0.0736585780978
unet_shuffle_inception_no_progressive,194.0,0.951444506645
unet_shuffle_inception_no_progressive,214.0,2.16151785851
unet_shuffle_inception_no_progressive,54.5,1.906140565874
unet_shuffle_inception_no_progressive,69.25,6.273183345795
unet_shuffle_inception_no_progressive,83.25,3.6662800312
unet_shuffle_inception_no_progressive,69.0,1.6249986551719502
unet_shuffle_inception_no_progressive,38.0,4.4487572893411
unet_shuffle_inception_no_progressive,54.0,4.161035704612
unet_shuffle_inception_no_progressive,95.5,37.753555297875
unet_shuffle_inception_no_progressive,161.0,26.209772944433336
unet_shuffle_inception_no_progressive,314.5,82.680480957
unet_shuffle_inception_no_progressive,351.0,91.9675598145
unet_shuffle_inception_no_progressive,389.75,40.390422821
unet_shuffle_inception_no_progressive,247.714285714,387.203430176
unet_shuffle_inception_no_progressive,240.75,425.060852051
unet_shuffle_inception_no_progressive,237.555555556,465.981781006
unet_shuffle_inception_no_progressive,242.1,135.94934082
unet_shuffle_inception_no_progressive,304.181818182,200.449386597
unet_shuffle_inception_no_progressive,297.909090909,667.232727051
unet_shuffle_inception_no_progressive,355.727272727,354.862640381
unet_shuffle_inception_no_progressive,311.636363636,673.234313965
unet_shuffle_inception_no_progressive,284.181818182,344.626525879
unet_shuffle_inception_no_progressive,219.272727273,292.73034668
unet_shuffle_inception_no_progressive,143.363636364,239.812545776
unet_shuffle_inception_no_progressive,127.285714286,228.069396973
unet_shuffle_inception_no_progressive,67.4285714286,141.800949097
unet_shuffle_inception_no_progressive,58.5714285714,61.7078018188
unet_shuffle_inception_no_progressive,88.5,56.2131271362
unet_shuffle_inception_no_progressive,35.0,66.96221403281739
unet_shuffle_inception_no_progressive,10.0,1.0083288039487144
unet_shuffle_inception_no_progressive,51.5,0.272132098675
unet_shuffle_inception_no_progressive,86.0,0.7317335009576666
unet_shuffle_inception_no_progressive,83.0,4.004023194315
unet_shuffle_inception_no_progressive,82.0,1.2326116338364999
unet_shuffle_inception_no_progressive,57.0,0.486077263951
unet_shuffle_inception_no_progressive,15.0,18.34009747996171
unet_shuffle_inception_no_progressive,20.0,7.018608601143389
unet_shuffle_inception_no_progressive,22.0,3.6290552495067123
unet_shuffle_inception_no_progressive,49.3333333333,0.6041970737296
unet_shuffle_inception_no_progressive,61.2,2.08055019379
unet_shuffle_inception_no_progressive,48.0,0.3027445822955
unet_shuffle_inception_no_progressive,44.3333333333,0.1384917581452
unet_shuffle_inception_no_progressive,130.0,61.6277923584
unet_shuffle_inception_no_progressive,195.0,28.305045068265
unet_shuffle_inception_no_progressive,275.0,130.077148438
unet_shuffle_inception_no_progressive,249.0,126.09920108314499
unet_shuffle_inception_no_progressive,57.25,1.09217715263
unet_shuffle_inception_no_progressive,179.0,1.48164117336
unet_shuffle_inception_no_progressive,194.5,7.93807196619
unet_shuffle_inception_no_progressive,4.0,10.108773197511725
unet_shuffle_inception_no_progressive,11.0,13.620625597026727
unet_shuffle_inception_no_progressive,31.0,8.655771282805832
unet_shuffle_inception_no_progressive,55.6666666667,2.99628472328
unet_shuffle_inception_no_progressive,76.6666666667,1.96017289162
unet_shuffle_inception_no_progressive,95.3333333333,2.07321596146
unet_shuffle_inception_no_progressive,94.5,3.09951400757
unet_shuffle_inception_no_progressive,80.5,54.306345701130006
unet_shuffle_inception_no_progressive,69.5,1.74529719353
unet_shuffle_inception_no_progressive,53.0,0.90639591217225
unet_shuffle_inception_no_progressive,41.5,7.310875117785001
unet_shuffle_inception_no_progressive,24.5,1.0394043624384999
unet_shuffle_inception_no_progressive,49.5,45.0239984244095
unet_shuffle_inception_no_progressive,53.5,0.2600515335795
unet_shuffle_inception_no_progressive,87.0,2.5312475984279996
unet_shuffle_inception_no_progressive,2.0,0.0730764120817
unet_shuffle_inception_no_progressive,3.0,0.2413990348578
unet_shuffle_inception_no_progressive,9.0,21.135924050564014
unet_shuffle_inception_no_progressive,92.0,0.94485198706485
unet_shuffle_inception_no_progressive,88.0,1.12550234795
unet_shuffle_inception_no_progressive,116.0,1.8223656664303334
unet_shuffle_inception_no_progressive,64.0,93.67126374314475
unet_shuffle_inception_no_progressive,37.0,8.498858769735667
unet_shuffle_inception_no_progressive,25.0,56.590028436386454
unet_shuffle_inception_no_progressive,8.0,101.10421982988966
unet_shuffle_inception_no_progressive,220.25,0.87742882967
unet_shuffle_inception_no_progressive,434.5,1.81284928322
unet_shuffle_inception_no_progressive,464.25,5.79629039764
unet_shuffle_inception_no_progressive,356.5,2.23729610443
unet_shuffle_inception_no_progressive,132.25,10.1555395126
unet_shuffle_inception_no_progressive,86.5,31.4723396301
unet_shuffle_inception_no_progressive,119.0,10.121018559664325
unet_shuffle_inception_no_progressive,112.5,1.43295621872
unet_shuffle_inception_no_progressive,140.0,15.2769908905
unet_shuffle_inception_no_progressive,29.0,7.839781587674815
unet_shuffle_inception_no_progressive,51.0,5.55624881480715
unet_shuffle_inception_no_progressive,131.0,0.261611461639
unet_shuffle_inception_no_progressive,212.25,0.205122336745
unet_shuffle_inception_no_progressive,260.0,32.6915168762
unet_shuffle_inception_no_progressive,341.25,20.2500667572
unet_shuffle_inception_no_progressive,378.75,0.961608886719
unet_shuffle_inception_no_progressive,400.5,0.238706305623
unet_shuffle_inception_no_progressive,429.25,0.153715625405
unet_shuffle_inception_no_progressive,454.75,0.0702284425497
unet_shuffle_inception_no_progressive,457.5,0.083442248404
unet_shuffle_inception_no_progressive,447.0,0.243656516075
unet_shuffle_inception_no_progressive,432.25,0.389932841063
unet_shuffle_inception_no_progressive,400.0,0.124536827207
unet_shuffle_inception_no_progressive,367.75,0.0588115677238
unet_shuffle_inception_no_progressive,305.0,0.6059437170605
unet_shuffle_inception_no_progressive,213.5,0.0302750933915
unet_shuffle_inception_no_progressive,109.5,0.0321481339633
unet_shuffle_inception_no_progressive,5.0,30.03758130469966
unet_shuffle_inception_no_progressive,16.5,52.83397776637975
unet_shuffle_inception_no_progressive,11.5,52.898487806125
unet_shuffle_inception_no_progressive,41.0,145.29734845320172
unet_shuffle_inception_no_progressive,61.3333333333,0.14226608599216667
unet_shuffle_inception_no_progressive,72.6666666667,0.0410031080246
unet_shuffle_inception_no_progressive,72.0,1.0189564327393335
unet_shuffle_inception_no_progressive,70.3333333333,0.668896079063
unet_shuffle_inception_no_progressive,30.6666666667,1.3017466515313332
unet_shuffle_inception_no_progressive,33.5,1.680631525816
unet_shuffle_inception_no_progressive,34.5,0.1507772356275
unet_shuffle_inception_no_progressive,36.5,0.24728295207
unet_shuffle_inception_no_progressive,36.875,32.3339004517
unet_shuffle_inception_no_progressive,58.25,2.27895140648
unet_shuffle_inception_no_progressive,21.5,3.59138679504
unet_shuffle_inception_no_progressive,28.3333333333,8.664561443013499
unet_shuffle_inception_no_progressive,73.0,6.4616192709698
unet_shuffle_inception_no_progressive,61.0,7.3075231760805
unet_shuffle_inception_no_progressive,42.0,9.828866377467875
unet_shuffle_inception_no_progressive,43.5,64.200258135677
unet_shuffle_inception_no_progressive,6.66666666667,0.0782726705074
unet_shuffle_inception_no_progressive,40.25,6.272471904754999
unet_shuffle_inception_no_progressive,37.25,8.44497871399
unet_shuffle_inception_no_progressive,30.75,0.0516919158399
unet_shuffle_inception_no_progressive,44.6666666667,0.025229819119
unet_shuffle_inception_no_progressive,87.6666666667,0.4989210097121
unet_shuffle_inception_no_progressive,105.0,0.0669108778238
unet_shuffle_inception_no_progressive,23.5,0.138346161693
unet_shuffle_inception_no_progressive,36.1666666667,0.0601554363966
unet_shuffle_inception_no_progressive,36.4,3.19268465042
unet_shuffle_inception_no_progressive,32.6666666667,0.791884440931
unet_shuffle_inception_no_progressive,70.5,0.0181947126985
unet_shuffle_inception_no_progressive,150.5,0.0165613852441
unet_shuffle_inception_no_progressive,71.25,1.1988771669579998
unet_shuffle_inception_no_progressive,44.0,5.5479937903620495
unet_shuffle_inception_no_progressive,34.0,76.03768284681846
unet_shuffle_inception_no_progressive,91.0,12.6501379013
unet_shuffle_inception_no_progressive,15.3333333333,0.062174141407
unet_shuffle_inception_no_progressive,29.25,0.218599051237
unet_shuffle_inception_no_progressive,33.25,0.123709276319
unet_shuffle_inception_no_progressive,16.25,1.3298418112101
unet_shuffle_inception_no_progressive,58.75,0.393527001143
unet_shuffle_inception_no_progressive,86.25,0.494229525328
unet_shuffle_inception_no_progressive,146.25,1.04968750477
unet_shuffle_inception_no_progressive,201.5,13.1805801392
unet_shuffle_inception_no_progressive,225.0,29.9468154907
unet_shuffle_inception_no_progressive,247.5,53.4572525024
unet_shuffle_inception_no_progressive,257.0,1.713752985
unet_shuffle_inception_no_progressive,265.75,13.4929170609
unet_shuffle_inception_no_progressive,278.0,3.7073158687016003
unet_shuffle_inception_no_progressive,199.25,6.56784963608
unet_shuffle_inception_no_progressive,147.75,0.340907752514
unet_shuffle_inception_no_progressive,73.6666666667,0.256680905819
unet_shuffle_inception_no_progressive,39.0,3.2898638546455006
unet_shuffle_inception_no_progressive,32.3333333333,2.7447412013995
unet_shuffle_inception_no_progressive,9.5,2.95165038109
unet_shuffle_inception_no_progressive,77.25,1.4093561843055
unet_shuffle_inception_no_progressive,93.5,0.914858102798
unet_shuffle_inception_no_progressive,30.0,17.750582389538142
unet_shuffle_inception_no_progressive,102.0,0.141099914908
unet_shuffle_inception_no_progressive,160.666666667,0.142933547497
unet_shuffle_inception_no_progressive,307.666666667,8.288438797
unet_shuffle_inception_no_progressive,385.666666667,0.12731385231
unet_shuffle_inception_no_progressive,437.333333333,3.48661184311
unet_shuffle_inception_no_progressive,514.0,2.82204580307
unet_shuffle_inception_no_progressive,568.333333333,0.293433815241
unet_shuffle_inception_no_progressive,605.0,1.5936781168
unet_shuffle_inception_no_progressive,687.666666667,0.377645790577
unet_shuffle_inception_no_progressive,739.333333333,0.101004958153
unet_shuffle_inception_no_progressive,736.0,0.30650100112
unet_shuffle_inception_no_progressive,776.0,5.36495494843
unet_shuffle_inception_no_progressive,740.333333333,8.47424221039
unet_shuffle_inception_no_progressive,662.0,8.60940361023
unet_shuffle_inception_no_progressive,536.333333333,1.45949923992
unet_shuffle_inception_no_progressive,393.0,0.996945679188
unet_shuffle_inception_no_progressive,316.333333333,0.32926940918
unet_shuffle_inception_no_progressive,265.333333333,0.465786963701
unet_shuffle_inception_no_progressive,143.666666667,2.88856625557
unet_shuffle_inception_no_progressive,59.5,5.113867362351333
unet_shuffle_inception_no_progressive,46.6666666667,7.4037322998
unet_shuffle_inception_no_progressive,26.5,0.324813172221
unet_shuffle_inception_no_progressive,43.0,15.060854479670335
unet_shuffle_inception_no_progressive,66.0,2.633196840682667
unet_shuffle_inception_no_progressive,36.0,0.370250464418
unet_shuffle_inception_no_progressive,18.3333333333,0.406955093145
unet_shuffle_inception_no_progressive,79.3333333333,0.418168127537
unet_shuffle_inception_no_progressive,31.6666666667,0.0367091596127
unet_shuffle_inception_no_progressive,92.3333333333,0.503708481789
unet_shuffle_inception_no_progressive,128.0,1.3563731908799999
unet_shuffle_inception_no_progressive,154.333333333,1.69747447968
unet_shuffle_inception_no_progressive,89.6666666667,8.34590482712
unet_shuffle_inception_no_progressive,19.5,1.1605858840032999
unet_shuffle_inception_no_progressive,143.0,0.6927222758539999
unet_shuffle_inception_no_progressive,133.333333333,2.50202250481
unet_shuffle_inception_no_progressive,85.6666666667,0.0780621767044
unet_shuffle_inception_no_progressive,63.6666666667,0.174354881048
unet_shuffle_inception_no_progressive,51.6666666667,0.0610688067973
unet_shuffle_inception_no_progressive,75.0,8.938884496705
unet_shuffle_inception_no_progressive,203.25,0.51393532753
unet_shuffle_inception_no_progressive,188.25,2.0081949234
unet_shuffle_inception_no_progressive,111.0,0.0987282693386
unet_shuffle_inception_no_progressive,16.3333333333,18.0733909606705
unet_shuffle_inception_no_progressive,43.3333333333,2.6996026039115
unet_shuffle_inception_no_progressive,134.75,12.2134590149
unet_shuffle_inception_no_progressive,242.25,2.37560892105
unet_shuffle_inception_no_progressive,316.5,0.0902942493558
unet_shuffle_inception_no_progressive,334.8,0.0239166393876
unet_shuffle_inception_no_progressive,421.6,0.0143323447555
unet_shuffle_inception_no_progressive,646.5,0.0825948491693
unet_shuffle_inception_no_progressive,720.75,0.178543642163
unet_shuffle_inception_no_progressive,753.5,0.844637274742
unet_shuffle_inception_no_progressive,826.5,3.10722231865
unet_shuffle_inception_no_progressive,806.5,8.85549163818
unet_shuffle_inception_no_progressive,736.5,5.34532737732
unet_shuffle_inception_no_progressive,697.5,3.2410633564
unet_shuffle_inception_no_progressive,659.25,7.05618572235
unet_shuffle_inception_no_progressive,560.25,3.06251955032
unet_shuffle_inception_no_progressive,466.25,1.56495022774
unet_shuffle_inception_no_progressive,347.25,0.595442414284
unet_shuffle_inception_no_progressive,215.5,0.963597595692
unet_shuffle_inception_no_progressive,130.666666667,3.56980514526
unet_shuffle_inception_no_progressive,62.0,9.3927140235785
unet_shuffle_inception_no_progressive,76.0,286.628845215
unet_shuffle_inception_no_progressive,99.0,297.346984863
unet_shuffle_inception_no_progressive,182.0,231.358474731
unet_shuffle_inception_no_progressive,323.0,178.148681641
unet_shuffle_inception_no_progressive,472.0,148.913818359
unet_shuffle_inception_no_progressive,506.0,90.8459625244
unet_shuffle_inception_no_progressive,529.0,120.3864707946
unet_shuffle_inception_no_progressive,534.0,7.49078083038
unet_shuffle_inception_no_progressive,567.0,3.24678230286
unet_shuffle_inception_no_progressive,441.0,3.3434138298
unet_shuffle_inception_no_progressive,445.0,7.19347667694
unet_shuffle_inception_no_progressive,561.0,2.79565954208
unet_shuffle_inception_no_progressive,589.0,1.363962277771
unet_shuffle_inception_no_progressive,575.0,3.94821000099
unet_shuffle_inception_no_progressive,523.0,1.96266889572
unet_shuffle_inception_no_progressive,350.0,5.433528900145
unet_shuffle_inception_no_progressive,383.0,3.56875801086
unet_shuffle_inception_no_progressive,358.0,4.1475815773
unet_shuffle_inception_no_progressive,327.0,0.314006388187
unet_shuffle_inception_no_progressive,290.0,1.41550123692
unet_shuffle_inception_no_progressive,21.3333333333,0.0950940474868
unet_shuffle_inception_no_progressive,56.75,0.123958021402
unet_shuffle_inception_no_progressive,68.75,4.88970661163
unet_shuffle_inception_no_progressive,70.0,3.5114341974250003
unet_shuffle_inception_no_progressive,62.5,0.374748051167
unet_shuffle_inception_no_progressive,49.75,0.391623437405
unet_shuffle_inception_no_progressive,198.0,0.0759324859829
unet_shuffle_inception_no_progressive,128.5,70.310949444888
unet_shuffle_inception_no_progressive,176.5,0.897860229015
unet_shuffle_inception_no_progressive,177.5,2.77146816254
unet_shuffle_inception_no_progressive,205.0,3.4250555485480003
unet_shuffle_inception_no_progressive,189.5,4.355509758
unet_shuffle_inception_no_progressive,201.0,23.1115531921
unet_shuffle_inception_no_progressive,207.5,26.2524242401
unet_shuffle_inception_no_progressive,175.0,15.2826690674
unet_shuffle_inception_no_progressive,192.0,11.03931665418
unet_shuffle_inception_no_progressive,160.5,10.9583463669
unet_shuffle_inception_no_progressive,279.0,1.74344325066
unet_shuffle_inception_no_progressive,291.0,1.13398969173
unet_shuffle_inception_no_progressive,263.0,0.835253059864
unet_shuffle_inception_no_progressive,299.0,1.72472679615
unet_shuffle_inception_no_progressive,285.0,5.569326639175
unet_shuffle_inception_no_progressive,267.0,1.64743757248
unet_shuffle_inception_no_progressive,230.0,2.58743476868
unet_shuffle_inception_no_progressive,216.0,1.83464705944
unet_shuffle_inception_no_progressive,189.0,8.40490722656
unet_shuffle_inception_no_progressive,187.0,3.67858409882
unet_shuffle_inception_no_progressive,159.0,4.1642302572745
unet_shuffle_inception_no_progressive,148.0,1.03337073326
unet_shuffle_inception_no_progressive,166.0,2.24374485016
unet_shuffle_inception_no_progressive,106.0,10.4571399689
unet_shuffle_inception_no_progressive,19.3333333333,0.422292649746
unet_shuffle_inception_no_progressive,24.75,0.44953384995449996
unet_shuffle_inception_no_progressive,31.5,0.150239109993
unet_shuffle_inception_no_progressive,23.75,0.188131481409
unet_shuffle_inception_no_progressive,69.75,0.183574140072
unet_shuffle_inception_no_progressive,78.25,0.188958317041
unet_shuffle_inception_no_progressive,83.75,0.187652617693
unet_shuffle_inception_no_progressive,94.25,0.146757692099
unet_shuffle_inception_no_progressive,71.0,0.326375901699
unet_shuffle_inception_no_progressive,35.5,5.34340763092
unet_shuffle_inception_no_progressive,36.25,6.717377627904667
unet_shuffle_inception_no_progressive,80.75,2.76099300385
unet_shuffle_inception_no_progressive,57.5,0.50892418623
unet_shuffle_inception_no_progressive,93.6666666667,7.71138811111
unet_shuffle_inception_no_progressive,133.666666667,0.306383669376
unet_shuffle_inception_no_progressive,146.333333333,7.57736539841
unet_shuffle_inception_no_progressive,49.0,0.3772961124777
unet_shuffle_inception_no_progressive,65.0,0.100311636925
unet_shuffle_inception_no_progressive,45.0,0.28637590756000003
unet_shuffle_inception_no_progressive,53.75,0.823937416077
unet_shuffle_inception_no_progressive,12.5,21.42040228842
unet_shuffle_inception_no_progressive,90.0,4.6403790637835005
unet_shuffle_inception_no_progressive,227.0,6.95489454269
unet_shuffle_inception_no_progressive,272.0,7.65522003174
unet_shuffle_inception_no_progressive,265.0,12.9686546326
unet_shuffle_inception_no_progressive,162.0,40.1726417542
unet_shuffle_inception_no_progressive,67.0,7.29443836212
unet_shuffle_inception_no_progressive,45.3333333333,0.168839484453
unet_shuffle_inception_no_progressive,11.25,2.46686553955
unet_shuffle_inception_no_progressive,47.5,1.728537261484
unet_shuffle_inception_no_progressive,48.5,14.6119413376
unet_shuffle_inception_no_progressive,30.5,30.5745830536
unet_shuffle_inception_no_progressive,212.0,9.93671512604
unet_shuffle_inception_no_progressive,169.0,12.635189602772334
unet_shuffle_inception_no_progressive,79.5,180.036300659
unet_shuffle_inception_no_progressive,34.25,0.0733081921935
unet_shuffle_inception_no_progressive,26.3333333333,0.06097646802665
unet_shuffle_inception_no_progressive,20.5,0.107367664576
unet_shuffle_inception_no_progressive,17.5,12.650533270067
unet_shuffle_inception_no_progressive,8.5,0.228114783764
unet_shuffle_inception_no_progressive,26.6666666667,0.113419085741
unet_shuffle_inception_no_progressive,49.6666666667,0.1715450808407
unet_shuffle_inception_no_progressive,45.6666666667,0.0854265317321
unet_shuffle_inception_no_progressive,27.3333333333,0.0725547969341
unet_shuffle_inception_no_progressive,52.6666666667,2.49247847497695
unet_shuffle_inception_no_progressive,39.6666666667,3.44245886803
unet_shuffle_inception_no_progressive,14.3333333333,100.676513672
unet_shuffle_inception_no_progressive,179.666666667,0.170748516917
unet_shuffle_inception_no_progressive,268.333333333,5.0608716011
unet_shuffle_inception_no_progressive,55.0,0.71138281002875
unet_shuffle_inception_no_progressive,6.5,0.060108050704
unet_shuffle_inception_no_progressive,39.5,25.5173854976918
unet_shuffle_inception_no_progressive,38.25,17.8451480865
unet_shuffle_inception_no_progressive,61.25,57.2647247314
unet_shuffle_inception_no_progressive,85.75,235.625549316
unet_shuffle_inception_no_progressive,98.75,299.892700195
unet_shuffle_inception_no_progressive,97.25,182.207077026
unet_shuffle_inception_no_progressive,66.75,32.6743125916
unet_shuffle_inception_no_progressive,41.3333333333,8.9402923584
unet_shuffle_inception_no_progressive,84.0,6.39116382599
unet_shuffle_inception_no_progressive,108.666666667,22.842086792
unet_shuffle_inception_no_progressive,149.0,34.2652549744
unet_shuffle_inception_no_progressive,163.666666667,36.7597923279
unet_shuffle_inception_no_progressive,159.666666667,32.2361106873
unet_shuffle_inception_no_progressive,190.333333333,37.2389755249
unet_shuffle_inception_no_progressive,260.333333333,42.3575401306
unet_shuffle_inception_no_progressive,304.0,37.7437286377
unet_shuffle_inception_no_progressive,272.666666667,29.7025585175
unet_shuffle_inception_no_progressive,233.0,24.8524074554
unet_shuffle_inception_no_progressive,243.0,19.2654418945
unet_shuffle_inception_no_progressive,253.0,14.5720510483
unet_shuffle_inception_no_progressive,238.0,17.578578949
unet_shuffle_inception_no_progressive,227.333333333,20.0086975098
unet_shuffle_inception_no_progressive,250.0,17.9713287354
unet_shuffle_inception_no_progressive,136.0,14.6430158615
unet_shuffle_inception_no_progressive,58.0,0.449704060952
unet_shuffle_inception_no_progressive,94.6666666667,0.0623188279569
unet_shuffle_inception_no_progressive,118.333333333,0.0720635652542
unet_shuffle_inception_no_progressive,121.333333333,0.140294894576
unet_shuffle_inception_no_progressive,321.666666667,1.05160415173
unet_shuffle_inception_no_progressive,367.666666667,0.627375483513
unet_shuffle_inception_no_progressive,413.333333333,0.18687230348599998
unet_shuffle_inception_no_progressive,362.333333333,3.60060429573
unet_shuffle_inception_no_progressive,346.0,5.07548332214
unet_shuffle_inception_no_progressive,339.666666667,8.44590473175
unet_shuffle_inception_no_progressive,341.0,0.987866282463
unet_shuffle_inception_no_progressive,240.0,1.82677567005
unet_shuffle_inception_no_progressive,228.666666667,13.0529947281
unet_shuffle_inception_no_progressive,200.0,10.1789627075
unet_shuffle_inception_no_progressive,217.333333333,1.34569823742
unet_shuffle_inception_no_progressive,196.666666667,2.03698778152
unet_shuffle_inception_no_progressive,173.5,0.102239042521
unet_shuffle_inception_no_progressive,142.0,0.0709914565086
unet_shuffle_inception_no_progressive,168.0,0.0629027411342
unet_shuffle_inception_no_progressive,193.0,0.10528883338
unet_shuffle_inception_no_progressive,146.0,0.0852150171995
unet_shuffle_inception_no_progressive,158.0,0.0913832262158
unet_shuffle_inception_no_progressive,81.0,0.5360609442
unet_shuffle_inception_no_progressive,48.75,1.64476251602
unet_shuffle_inception_no_progressive,75.25,3.29306030273
unet_shuffle_inception_no_progressive,62.75,12.870022654509999
unet_shuffle_inception_no_progressive,56.25,1.00814962387
unet_shuffle_inception_no_progressive,37.75,1.73360466957
unet_shuffle_inception_no_progressive,96.0,0.04252208396795
unet_shuffle_inception_no_progressive,156.0,4.394265174865
unet_shuffle_inception_no_progressive,145.0,1.41369640827
unet_shuffle_inception_no_progressive,171.0,4.727999098133675
unet_shuffle_inception_no_progressive,87.5,111.010795593
unet_shuffle_inception_no_progressive,38.6666666667,0.541534245014
unet_shuffle_inception_no_progressive,163.0,0.165260285139
unet_shuffle_inception_no_progressive,131.5,0.171247109771
unet_shuffle_inception_no_progressive,108.5,0.112655043602
unet_shuffle_inception_no_progressive,57.6666666667,0.512412130833
unet_shuffle_inception_no_progressive,46.0,6.53938913345
unet_shuffle_inception_no_progressive,64.5,1.72401928902
unet_shuffle_inception_no_progressive,60.75,0.152458041906
unet_shuffle_inception_no_progressive,35.3333333333,12.4158566072635
unet_shuffle_inception_no_progressive,24.6666666667,18.1050071716
unet_shuffle_inception_no_progressive,42.6666666667,4.35128927231
unet_shuffle_inception_no_progressive,27.75,0.224003612995
unet_shuffle_inception_no_progressive,167.0,36.2513694763
unet_shuffle_inception_no_progressive,241.0,20.8361434937
unet_shuffle_inception_no_progressive,223.75,18.4323749542
unet_shuffle_inception_no_progressive,179.333333333,17.8815670013
unet_shuffle_inception_no_progressive,45.75,0.101985760033
unet_shuffle_inception_no_progressive,35.6666666667,0.0365018509328
unet_shuffle_inception_no_progressive,166.25,161.357757568
unet_shuffle_inception_no_progressive,250.25,78.97631073
unet_shuffle_inception_no_progressive,303.75,30.7159881592
unet_shuffle_inception_no_progressive,366.5,14.9501256943
unet_shuffle_inception_no_progressive,436.75,12.097161293
unet_shuffle_inception_no_progressive,486.25,17.4627494812
unet_shuffle_inception_no_progressive,550.25,6.41389894485
unet_shuffle_inception_no_progressive,547.75,3.763433218
unet_shuffle_inception_no_progressive,557.75,14.2294464111
unet_shuffle_inception_no_progressive,555.25,21.2991199493
unet_shuffle_inception_no_progressive,541.0,14.4029474258
unet_shuffle_inception_no_progressive,520.0,6.32882165909
unet_shuffle_inception_no_progressive,482.75,8.64331912994
unet_shuffle_inception_no_progressive,444.0,7.91204977036
unet_shuffle_inception_no_progressive,322.5,2.42977809906
unet_shuffle_inception_no_progressive,267.75,0.246470138431
unet_shuffle_inception_no_progressive,231.5,0.0411384962499
unet_shuffle_inception_no_progressive,92.5,5.71348047256
unet_shuffle_inception_no_progressive,246.5,0.323180258274
unet_shuffle_inception_no_progressive,308.0,0.189350694418
unet_shuffle_inception_no_progressive,381.0,0.133031472564
unet_shuffle_inception_no_progressive,540.75,0.111957088113
unet_shuffle_inception_no_progressive,605.75,0.0820423439145
unet_shuffle_inception_no_progressive,678.5,23.2417678833
unet_shuffle_inception_no_progressive,700.25,28.7586364746
unet_shuffle_inception_no_progressive,759.25,26.1538600922
unet_shuffle_inception_no_progressive,777.5,13.069475174
unet_shuffle_inception_no_progressive,787.0,2.945990383625
unet_shuffle_inception_no_progressive,775.5,0.343268841505
unet_shuffle_inception_no_progressive,720.5,0.910125851631
unet_shuffle_inception_no_progressive,674.75,0.0540804974735
unet_shuffle_inception_no_progressive,406.25,0.144070208073
unet_shuffle_inception_no_progressive,338.25,0.143585860729
unet_shuffle_inception_no_progressive,288.5,3.05210900307
unet_shuffle_inception_no_progressive,257.25,0.386254280806
unet_shuffle_inception_no_progressive,197.25,0.237940564752
unet_shuffle_inception_no_progressive,93.25,0.441144406796
unet_shuffle_inception_no_progressive,89.75,8.32728385925
unet_shuffle_inception_no_progressive,119.142857143,5.22355651855
unet_shuffle_inception_no_progressive,295.75,5.397634863855
unet_shuffle_inception_no_progressive,490.0,16.8877182007
unet_shuffle_inception_no_progressive,585.75,8.8712978363
unet_shuffle_inception_no_progressive,685.5,3.24595594406
unet_shuffle_inception_no_progressive,754.25,36.1703033447
unet_shuffle_inception_no_progressive,798.25,14.0142116547
unet_shuffle_inception_no_progressive,811.0,13.1776247025
unet_shuffle_inception_no_progressive,782.5,16.1176338196
unet_shuffle_inception_no_progressive,776.5,4.21223688126
unet_shuffle_inception_no_progressive,772.0,0.174522295594
unet_shuffle_inception_no_progressive,746.5,0.0632396414876
unet_shuffle_inception_no_progressive,689.25,0.0416573137045
unet_shuffle_inception_no_progressive,608.5,0.0626200661063
unet_shuffle_inception_no_progressive,489.5,0.0555470436811
unet_shuffle_inception_no_progressive,310.25,0.0486999638379
unet_shuffle_inception_no_progressive,228.25,0.088037379086
unet_shuffle_inception_no_progressive,91.8571428571,0.190762266517
unet_shuffle_inception_no_progressive,103.25,4.42687559128
unet_shuffle_inception_no_progressive,129.0,6.68359518051
unet_shuffle_inception_no_progressive,132.0,44.7513580322
unet_shuffle_inception_no_progressive,122.5,37.7200965881
unet_shuffle_inception_no_progressive,199.0,14.7412748337
unet_shuffle_inception_no_progressive,294.0,16.8512115479
unet_shuffle_inception_no_progressive,546.0,0.601226806641
unet_shuffle_inception_no_progressive,739.0,0.19324535504
unet_shuffle_inception_no_progressive,1009.0,2.4908015728
unet_shuffle_inception_no_progressive,1127.0,5.44710683823
unet_shuffle_inception_no_progressive,625.0,5.27156352997
unet_shuffle_inception_no_progressive,621.0,4.90695810318
unet_shuffle_inception_no_progressive,1221.0,0.479209512472
unet_shuffle_inception_no_progressive,1142.0,0.162694185972
unet_shuffle_inception_no_progressive,1020.0,0.0949571356177
unet_shuffle_inception_no_progressive,75.1666666667,43.9047927856
unet_shuffle_inception_no_progressive,123.0,7.97791671753
unet_shuffle_inception_no_progressive,75.75,0.167053133249
unet_shuffle_inception_no_progressive,77.3333333333,0.341171294451
unet_shuffle_inception_no_progressive,72.1666666667,2.71726608276
unet_shuffle_inception_no_progressive,165.333333333,31.0510845184
unet_shuffle_inception_no_progressive,314.333333333,8.66578578949
unet_shuffle_inception_no_progressive,219.8,14.4798908234
unet_shuffle_inception_no_progressive,236.833333333,344.043579102
unet_shuffle_inception_no_progressive,269.5,110.893280029
unet_shuffle_inception_no_progressive,265.25,241.994140625
unet_shuffle_inception_no_progressive,306.0,4.09861326218
unet_shuffle_inception_no_progressive,240.666666667,3.07325983047
unet_shuffle_inception_no_progressive,90.6666666667,0.715656280518
unet_shuffle_inception_no_progressive,138.0,0.125289216638
unet_shuffle_inception_no_progressive,206.0,0.0407069772482
unet_shuffle_inception_no_progressive,24.25,0.0712165161967
unet_shuffle_inception_no_progressive,28.5,0.127615392208
unet_shuffle_inception_no_progressive,56.0,8.1324672699
unet_shuffle_inception_no_progressive,242.0,0.265431493521
unet_shuffle_inception_no_progressive,308.333333333,0.244752839208
unet_shuffle_inception_no_progressive,307.5,3.60839867592
unet_shuffle_inception_no_progressive,422.75,9.70244312286
unet_shuffle_inception_no_progressive,447.25,7.61641645432
unet_shuffle_inception_no_progressive,456.0,4.82521247864
unet_shuffle_inception_no_progressive,461.0,16.3901844025
unet_shuffle_inception_no_progressive,481.0,0.981616079807
unet_shuffle_inception_no_progressive,520.5,3.358637690545
unet_shuffle_inception_no_progressive,525.25,1.0004138648505
unet_shuffle_inception_no_progressive,548.5,0.727532744408
unet_shuffle_inception_no_progressive,552.0,0.458184570074
unet_shuffle_inception_no_progressive,528.5,20.2719154358
unet_shuffle_inception_no_progressive,540.5,1.42296993732
unet_shuffle_inception_no_progressive,551.75,1.79007315636
unet_shuffle_inception_no_progressive,416.0,6.27147722244
unet_shuffle_inception_no_progressive,333.5,21.09132003785
unet_shuffle_inception_no_progressive,315.5,15.6064872742
unet_shuffle_inception_no_progressive,181.25,104.404647827
unet_shuffle_inception_no_progressive,126.5,8.19453716278
unet_shuffle_inception_no_progressive,80.25,11.6556053162
unet_shuffle_inception_no_progressive,59.6666666667,0.473206520081
unet_shuffle_inception_no_progressive,62.6666666667,0.955532252789
unet_shuffle_inception_no_progressive,68.6666666667,1.1222692728
unet_shuffle_inception_no_progressive,75.3333333333,0.477334886789
unet_shuffle_inception_no_progressive,40.6666666667,0.113925427198
unet_shuffle_inception_no_progressive,54.3333333333,5.13223314285
unet_shuffle_inception_no_progressive,16.4,1.62369716167
unet_shuffle_inception_no_progressive,23.5714285714,1.31738400459
unet_shuffle_inception_no_progressive,42.7142857143,14.8700151443
unet_shuffle_inception_no_progressive,87.25,0.361735612154
unet_shuffle_inception_no_progressive,25.5,1.13660168648
unet_shuffle_inception_no_progressive,44.5,317.52584075905
unet_shuffle_inception_no_progressive,63.5,19.806219101
unet_shuffle_inception_no_progressive,306.333333333,15.5043640137
unet_shuffle_inception_no_progressive,351.666666667,16.2370605469
unet_shuffle_inception_no_progressive,428.666666667,50.9285049438
unet_shuffle_inception_no_progressive,589.333333333,25.9597759247
unet_shuffle_inception_no_progressive,757.0,25.5449924469
unet_shuffle_inception_no_progressive,943.0,121.105285645
unet_shuffle_inception_no_progressive,908.0,26.2016887665
unet_shuffle_inception_no_progressive,810.666666667,124.179122925
unet_shuffle_inception_no_progressive,686.666666667,42.7882919312
unet_shuffle_inception_no_progressive,581.0,66.1553344727
unet_shuffle_inception_no_progressive,135.0,13.0964403152
unet_shuffle_inception_no_progressive,42.5,60.0264358521
unet_shuffle_inception_no_progressive,33.6666666667,20.5352516174
unet_shuffle_inception_no_progressive,228.0,72.9664611816
unet_shuffle_inception_no_progressive,338.0,117.604766846
unet_shuffle_inception_no_progressive,902.0,126.310249329
unet_shuffle_inception_no_progressive,939.0,261.791046143
unet_shuffle_inception_no_progressive,904.0,88.044418335
unet_shuffle_inception_no_progressive,793.0,438.593383789
unet_shuffle_inception_no_progressive,693.0,109.011245728
unet_shuffle_inception_no_progressive,633.0,38.3989944458
unet_shuffle_inception_no_progressive,616.0,28.7897663116
unet_shuffle_inception_no_progressive,592.0,22.6487598419
unet_shuffle_inception_no_progressive,543.0,24.4220867157
unet_shuffle_inception_no_progressive,398.0,16.7888717651
unet_shuffle_inception_no_progressive,235.0,0.113600566983
unet_shuffle_inception_no_progressive,411.75,0.62367194891
unet_shuffle_inception_no_progressive,526.5,151.319641113
unet_shuffle_inception_no_progressive,503.75,27.6885795593
unet_shuffle_inception_no_progressive,503.0,0.387433230877
unet_shuffle_inception_no_progressive,404.25,0.195863068104
unet_shuffle_inception_no_progressive,313.25,0.23748934269
unet_shuffle_inception_no_progressive,170.75,0.0952377468348
unet_shuffle_inception_no_progressive,178.5,0.194474503398
unet_shuffle_inception_no_progressive,297.25,25.4504718781
unet_shuffle_inception_no_progressive,389.0,16.9437942505
unet_shuffle_inception_no_progressive,438.0,23.193819046
unet_shuffle_inception_no_progressive,198.5,63.1303710938
unet_shuffle_inception_no_progressive,139.333333333,0.93294519186
unet_shuffle_inception_no_progressive,236.5,13.309094429
unet_shuffle_inception_no_progressive,298.0,0.109577380121
