Modality,Annotation Size,PSNR_loss
unet_shuffle_inception_no_progressive,52.75,
unet_shuffle_inception_no_progressive,71.5,
unet_shuffle_inception_no_progressive,30.25,
unet_shuffle_inception_no_progressive,30.3333333333,
unet_shuffle_inception_no_progressive,28.0,
unet_shuffle_inception_no_progressive,20.25,
unet_shuffle_inception_no_progressive,9.33333333333,
unet_shuffle_inception_no_progressive,26.0,
unet_shuffle_inception_no_progressive,21.0,
unet_shuffle_inception_no_progressive,24.0,
unet_shuffle_inception_no_progressive,40.75,
unet_shuffle_inception_no_progressive,38.5,
unet_shuffle_inception_no_progressive,20.75,
unet_shuffle_inception_no_progressive,19.0,
unet_shuffle_inception_no_progressive,6.0,
unet_shuffle_inception_no_progressive,16.0,
unet_shuffle_inception_no_progressive,29.5,
unet_shuffle_inception_no_progressive,37.5,
unet_shuffle_inception_no_progressive,17.0,
unet_shuffle_inception_no_progressive,13.0,
unet_shuffle_inception_no_progressive,52.0,
unet_shuffle_inception_no_progressive,40.0,
unet_shuffle_inception_no_progressive,80.0,
unet_shuffle_inception_no_progressive,50.0,
unet_shuffle_inception_no_progressive,19.6666666667,
unet_shuffle_inception_no_progressive,29.1666666667,
unet_shuffle_inception_no_progressive,45.25,
unet_shuffle_inception_no_progressive,63.0,
unet_shuffle_inception_no_progressive,31.3333333333,
unet_shuffle_inception_no_progressive,124.0,
unet_shuffle_inception_no_progressive,114.0,
unet_shuffle_inception_no_progressive,127.666666667,
unet_shuffle_inception_no_progressive,203.0,
unet_shuffle_inception_no_progressive,240.333333333,
unet_shuffle_inception_no_progressive,147.0,
unet_shuffle_inception_no_progressive,50.6666666667,
unet_shuffle_inception_no_progressive,18.0,
unet_shuffle_inception_no_progressive,56.5,
unet_shuffle_inception_no_progressive,97.0,
unet_shuffle_inception_no_progressive,146.5,
unet_shuffle_inception_no_progressive,107.5,
unet_shuffle_inception_no_progressive,48.3333333333,
unet_shuffle_inception_no_progressive,191.0,
unet_shuffle_inception_no_progressive,208.0,
unet_shuffle_inception_no_progressive,47.0,
unet_shuffle_inception_no_progressive,32.0,
unet_shuffle_inception_no_progressive,121.0,
unet_shuffle_inception_no_progressive,17.6666666667,
unet_shuffle_inception_no_progressive,23.0,
unet_shuffle_inception_no_progressive,113.75,
unet_shuffle_inception_no_progressive,148.75,
unet_shuffle_inception_no_progressive,201.75,
unet_shuffle_inception_no_progressive,239.75,
unet_shuffle_inception_no_progressive,289.5,
unet_shuffle_inception_no_progressive,248.0,
unet_shuffle_inception_no_progressive,104.0,
unet_shuffle_inception_no_progressive,94.0,
unet_shuffle_inception_no_progressive,77.0,
unet_shuffle_inception_no_progressive,211.0,
unet_shuffle_inception_no_progressive,174.75,
unet_shuffle_inception_no_progressive,406.5,
unet_shuffle_inception_no_progressive,471.75,
unet_shuffle_inception_no_progressive,365.25,
unet_shuffle_inception_no_progressive,158.75,
unet_shuffle_inception_no_progressive,153.0,
unet_shuffle_inception_no_progressive,148.333333333,
unet_shuffle_inception_no_progressive,145.5,
unet_shuffle_inception_no_progressive,140.5,
unet_shuffle_inception_no_progressive,101.0,
unet_shuffle_inception_no_progressive,141.0,
unet_shuffle_inception_no_progressive,172.25,
unet_shuffle_inception_no_progressive,169.5,
unet_shuffle_inception_no_progressive,141.75,
unet_shuffle_inception_no_progressive,85.0,
unet_shuffle_inception_no_progressive,59.0,
unet_shuffle_inception_no_progressive,12.0,
unet_shuffle_inception_no_progressive,7.0,
unet_shuffle_inception_no_progressive,14.0,
unet_shuffle_inception_no_progressive,27.0,
unet_shuffle_inception_no_progressive,99.3333333333,
unet_shuffle_inception_no_progressive,135.666666667,
unet_shuffle_inception_no_progressive,180.5,
unet_shuffle_inception_no_progressive,188.75,
unet_shuffle_inception_no_progressive,221.75,
unet_shuffle_inception_no_progressive,228.5,
unet_shuffle_inception_no_progressive,239.0,
unet_shuffle_inception_no_progressive,251.25,
unet_shuffle_inception_no_progressive,231.0,
unet_shuffle_inception_no_progressive,231.75,
unet_shuffle_inception_no_progressive,222.25,
unet_shuffle_inception_no_progressive,217.25,
unet_shuffle_inception_no_progressive,215.75,
unet_shuffle_inception_no_progressive,206.5,
unet_shuffle_inception_no_progressive,186.75,
unet_shuffle_inception_no_progressive,162.25,
unet_shuffle_inception_no_progressive,146.75,
unet_shuffle_inception_no_progressive,130.75,
unet_shuffle_inception_no_progressive,33.0,
unet_shuffle_inception_no_progressive,18.25,
unet_shuffle_inception_no_progressive,160.0,
unet_shuffle_inception_no_progressive,190.0,
unet_shuffle_inception_no_progressive,245.0,
unet_shuffle_inception_no_progressive,181.0,
unet_shuffle_inception_no_progressive,210.5,
unet_shuffle_inception_no_progressive,185.0,
unet_shuffle_inception_no_progressive,135.5,
unet_shuffle_inception_no_progressive,166.5,
unet_shuffle_inception_no_progressive,176.75,
unet_shuffle_inception_no_progressive,136.75,
unet_shuffle_inception_no_progressive,116.5,
unet_shuffle_inception_no_progressive,89.25,
unet_shuffle_inception_no_progressive,52.5,
unet_shuffle_inception_no_progressive,40.5,
unet_shuffle_inception_no_progressive,78.0,
unet_shuffle_inception_no_progressive,112.0,
unet_shuffle_inception_no_progressive,122.0,
unet_shuffle_inception_no_progressive,134.0,
unet_shuffle_inception_no_progressive,150.0,
unet_shuffle_inception_no_progressive,180.0,
unet_shuffle_inception_no_progressive,186.0,
unet_shuffle_inception_no_progressive,202.0,
unet_shuffle_inception_no_progressive,194.0,
unet_shuffle_inception_no_progressive,214.0,
unet_shuffle_inception_no_progressive,54.5,
unet_shuffle_inception_no_progressive,69.25,
unet_shuffle_inception_no_progressive,83.25,
unet_shuffle_inception_no_progressive,69.0,
unet_shuffle_inception_no_progressive,38.0,
unet_shuffle_inception_no_progressive,54.0,
unet_shuffle_inception_no_progressive,95.5,
unet_shuffle_inception_no_progressive,161.0,
unet_shuffle_inception_no_progressive,314.5,
unet_shuffle_inception_no_progressive,351.0,
unet_shuffle_inception_no_progressive,389.75,
unet_shuffle_inception_no_progressive,247.714285714,
unet_shuffle_inception_no_progressive,240.75,
unet_shuffle_inception_no_progressive,237.555555556,
unet_shuffle_inception_no_progressive,242.1,
unet_shuffle_inception_no_progressive,304.181818182,
unet_shuffle_inception_no_progressive,297.909090909,
unet_shuffle_inception_no_progressive,355.727272727,
unet_shuffle_inception_no_progressive,311.636363636,
unet_shuffle_inception_no_progressive,284.181818182,
unet_shuffle_inception_no_progressive,219.272727273,
unet_shuffle_inception_no_progressive,143.363636364,
unet_shuffle_inception_no_progressive,127.285714286,
unet_shuffle_inception_no_progressive,67.4285714286,
unet_shuffle_inception_no_progressive,58.5714285714,
unet_shuffle_inception_no_progressive,88.5,
unet_shuffle_inception_no_progressive,35.0,
unet_shuffle_inception_no_progressive,10.0,
unet_shuffle_inception_no_progressive,51.5,
unet_shuffle_inception_no_progressive,86.0,
unet_shuffle_inception_no_progressive,83.0,
unet_shuffle_inception_no_progressive,82.0,
unet_shuffle_inception_no_progressive,57.0,
unet_shuffle_inception_no_progressive,15.0,
unet_shuffle_inception_no_progressive,20.0,
unet_shuffle_inception_no_progressive,22.0,
unet_shuffle_inception_no_progressive,49.3333333333,
unet_shuffle_inception_no_progressive,61.2,
unet_shuffle_inception_no_progressive,48.0,
unet_shuffle_inception_no_progressive,44.3333333333,
unet_shuffle_inception_no_progressive,130.0,
unet_shuffle_inception_no_progressive,195.0,
unet_shuffle_inception_no_progressive,275.0,
unet_shuffle_inception_no_progressive,249.0,
unet_shuffle_inception_no_progressive,57.25,
unet_shuffle_inception_no_progressive,179.0,
unet_shuffle_inception_no_progressive,194.5,
unet_shuffle_inception_no_progressive,4.0,
unet_shuffle_inception_no_progressive,11.0,
unet_shuffle_inception_no_progressive,31.0,
unet_shuffle_inception_no_progressive,55.6666666667,
unet_shuffle_inception_no_progressive,76.6666666667,
unet_shuffle_inception_no_progressive,95.3333333333,
unet_shuffle_inception_no_progressive,94.5,
unet_shuffle_inception_no_progressive,80.5,
unet_shuffle_inception_no_progressive,69.5,
unet_shuffle_inception_no_progressive,53.0,
unet_shuffle_inception_no_progressive,41.5,
unet_shuffle_inception_no_progressive,24.5,
unet_shuffle_inception_no_progressive,49.5,
unet_shuffle_inception_no_progressive,53.5,
unet_shuffle_inception_no_progressive,87.0,
unet_shuffle_inception_no_progressive,2.0,
unet_shuffle_inception_no_progressive,3.0,
unet_shuffle_inception_no_progressive,9.0,
unet_shuffle_inception_no_progressive,92.0,
unet_shuffle_inception_no_progressive,88.0,
unet_shuffle_inception_no_progressive,116.0,
unet_shuffle_inception_no_progressive,64.0,
unet_shuffle_inception_no_progressive,37.0,
unet_shuffle_inception_no_progressive,25.0,
unet_shuffle_inception_no_progressive,8.0,
unet_shuffle_inception_no_progressive,220.25,
unet_shuffle_inception_no_progressive,434.5,
unet_shuffle_inception_no_progressive,464.25,
unet_shuffle_inception_no_progressive,356.5,
unet_shuffle_inception_no_progressive,132.25,
unet_shuffle_inception_no_progressive,86.5,
unet_shuffle_inception_no_progressive,119.0,
unet_shuffle_inception_no_progressive,112.5,
unet_shuffle_inception_no_progressive,140.0,
unet_shuffle_inception_no_progressive,29.0,
unet_shuffle_inception_no_progressive,51.0,
unet_shuffle_inception_no_progressive,131.0,
unet_shuffle_inception_no_progressive,212.25,
unet_shuffle_inception_no_progressive,260.0,
unet_shuffle_inception_no_progressive,341.25,
unet_shuffle_inception_no_progressive,378.75,
unet_shuffle_inception_no_progressive,400.5,
unet_shuffle_inception_no_progressive,429.25,
unet_shuffle_inception_no_progressive,454.75,
unet_shuffle_inception_no_progressive,457.5,
unet_shuffle_inception_no_progressive,447.0,
unet_shuffle_inception_no_progressive,432.25,
unet_shuffle_inception_no_progressive,400.0,
unet_shuffle_inception_no_progressive,367.75,
unet_shuffle_inception_no_progressive,305.0,
unet_shuffle_inception_no_progressive,213.5,
unet_shuffle_inception_no_progressive,109.5,
unet_shuffle_inception_no_progressive,5.0,
unet_shuffle_inception_no_progressive,16.5,
unet_shuffle_inception_no_progressive,11.5,
unet_shuffle_inception_no_progressive,41.0,
unet_shuffle_inception_no_progressive,61.3333333333,
unet_shuffle_inception_no_progressive,72.6666666667,
unet_shuffle_inception_no_progressive,72.0,
unet_shuffle_inception_no_progressive,70.3333333333,
unet_shuffle_inception_no_progressive,30.6666666667,
unet_shuffle_inception_no_progressive,33.5,
unet_shuffle_inception_no_progressive,34.5,
unet_shuffle_inception_no_progressive,36.5,
unet_shuffle_inception_no_progressive,36.875,
unet_shuffle_inception_no_progressive,58.25,
unet_shuffle_inception_no_progressive,21.5,
unet_shuffle_inception_no_progressive,28.3333333333,
unet_shuffle_inception_no_progressive,73.0,
unet_shuffle_inception_no_progressive,61.0,
unet_shuffle_inception_no_progressive,42.0,
unet_shuffle_inception_no_progressive,43.5,
unet_shuffle_inception_no_progressive,6.66666666667,
unet_shuffle_inception_no_progressive,40.25,
unet_shuffle_inception_no_progressive,37.25,
unet_shuffle_inception_no_progressive,30.75,
unet_shuffle_inception_no_progressive,44.6666666667,
unet_shuffle_inception_no_progressive,87.6666666667,
unet_shuffle_inception_no_progressive,105.0,
unet_shuffle_inception_no_progressive,23.5,
unet_shuffle_inception_no_progressive,36.1666666667,
unet_shuffle_inception_no_progressive,36.4,
unet_shuffle_inception_no_progressive,32.6666666667,
unet_shuffle_inception_no_progressive,70.5,
unet_shuffle_inception_no_progressive,150.5,
unet_shuffle_inception_no_progressive,71.25,
unet_shuffle_inception_no_progressive,44.0,
unet_shuffle_inception_no_progressive,34.0,
unet_shuffle_inception_no_progressive,91.0,
unet_shuffle_inception_no_progressive,15.3333333333,
unet_shuffle_inception_no_progressive,29.25,
unet_shuffle_inception_no_progressive,33.25,
unet_shuffle_inception_no_progressive,16.25,
unet_shuffle_inception_no_progressive,58.75,
unet_shuffle_inception_no_progressive,86.25,
unet_shuffle_inception_no_progressive,146.25,
unet_shuffle_inception_no_progressive,201.5,
unet_shuffle_inception_no_progressive,225.0,
unet_shuffle_inception_no_progressive,247.5,
unet_shuffle_inception_no_progressive,257.0,
unet_shuffle_inception_no_progressive,265.75,
unet_shuffle_inception_no_progressive,278.0,
unet_shuffle_inception_no_progressive,199.25,
unet_shuffle_inception_no_progressive,147.75,
unet_shuffle_inception_no_progressive,73.6666666667,
unet_shuffle_inception_no_progressive,39.0,
unet_shuffle_inception_no_progressive,32.3333333333,
unet_shuffle_inception_no_progressive,9.5,
unet_shuffle_inception_no_progressive,77.25,
unet_shuffle_inception_no_progressive,93.5,
unet_shuffle_inception_no_progressive,30.0,
unet_shuffle_inception_no_progressive,102.0,
unet_shuffle_inception_no_progressive,160.666666667,
unet_shuffle_inception_no_progressive,307.666666667,
unet_shuffle_inception_no_progressive,385.666666667,
unet_shuffle_inception_no_progressive,437.333333333,
unet_shuffle_inception_no_progressive,514.0,
unet_shuffle_inception_no_progressive,568.333333333,
unet_shuffle_inception_no_progressive,605.0,
unet_shuffle_inception_no_progressive,687.666666667,
unet_shuffle_inception_no_progressive,739.333333333,
unet_shuffle_inception_no_progressive,736.0,
unet_shuffle_inception_no_progressive,776.0,
unet_shuffle_inception_no_progressive,740.333333333,
unet_shuffle_inception_no_progressive,662.0,
unet_shuffle_inception_no_progressive,536.333333333,
unet_shuffle_inception_no_progressive,393.0,
unet_shuffle_inception_no_progressive,316.333333333,
unet_shuffle_inception_no_progressive,265.333333333,
unet_shuffle_inception_no_progressive,143.666666667,
unet_shuffle_inception_no_progressive,59.5,
unet_shuffle_inception_no_progressive,46.6666666667,
unet_shuffle_inception_no_progressive,26.5,
unet_shuffle_inception_no_progressive,43.0,
unet_shuffle_inception_no_progressive,66.0,
unet_shuffle_inception_no_progressive,36.0,
unet_shuffle_inception_no_progressive,18.3333333333,
unet_shuffle_inception_no_progressive,79.3333333333,
unet_shuffle_inception_no_progressive,31.6666666667,
unet_shuffle_inception_no_progressive,92.3333333333,
unet_shuffle_inception_no_progressive,128.0,
unet_shuffle_inception_no_progressive,154.333333333,
unet_shuffle_inception_no_progressive,89.6666666667,
unet_shuffle_inception_no_progressive,19.5,
unet_shuffle_inception_no_progressive,143.0,
unet_shuffle_inception_no_progressive,133.333333333,
unet_shuffle_inception_no_progressive,85.6666666667,
unet_shuffle_inception_no_progressive,63.6666666667,
unet_shuffle_inception_no_progressive,51.6666666667,
unet_shuffle_inception_no_progressive,75.0,
unet_shuffle_inception_no_progressive,203.25,
unet_shuffle_inception_no_progressive,188.25,
unet_shuffle_inception_no_progressive,111.0,
unet_shuffle_inception_no_progressive,16.3333333333,
unet_shuffle_inception_no_progressive,43.3333333333,
unet_shuffle_inception_no_progressive,134.75,
unet_shuffle_inception_no_progressive,242.25,
unet_shuffle_inception_no_progressive,316.5,
unet_shuffle_inception_no_progressive,334.8,
unet_shuffle_inception_no_progressive,421.6,
unet_shuffle_inception_no_progressive,646.5,
unet_shuffle_inception_no_progressive,720.75,
unet_shuffle_inception_no_progressive,753.5,
unet_shuffle_inception_no_progressive,826.5,
unet_shuffle_inception_no_progressive,806.5,
unet_shuffle_inception_no_progressive,736.5,
unet_shuffle_inception_no_progressive,697.5,
unet_shuffle_inception_no_progressive,659.25,
unet_shuffle_inception_no_progressive,560.25,
unet_shuffle_inception_no_progressive,466.25,
unet_shuffle_inception_no_progressive,347.25,
unet_shuffle_inception_no_progressive,215.5,
unet_shuffle_inception_no_progressive,130.666666667,
unet_shuffle_inception_no_progressive,62.0,
unet_shuffle_inception_no_progressive,76.0,
unet_shuffle_inception_no_progressive,99.0,
unet_shuffle_inception_no_progressive,182.0,
unet_shuffle_inception_no_progressive,323.0,
unet_shuffle_inception_no_progressive,472.0,
unet_shuffle_inception_no_progressive,506.0,
unet_shuffle_inception_no_progressive,529.0,
unet_shuffle_inception_no_progressive,534.0,
unet_shuffle_inception_no_progressive,567.0,
unet_shuffle_inception_no_progressive,441.0,
unet_shuffle_inception_no_progressive,445.0,
unet_shuffle_inception_no_progressive,561.0,
unet_shuffle_inception_no_progressive,589.0,
unet_shuffle_inception_no_progressive,575.0,
unet_shuffle_inception_no_progressive,523.0,
unet_shuffle_inception_no_progressive,350.0,
unet_shuffle_inception_no_progressive,383.0,
unet_shuffle_inception_no_progressive,358.0,
unet_shuffle_inception_no_progressive,327.0,
unet_shuffle_inception_no_progressive,290.0,
unet_shuffle_inception_no_progressive,21.3333333333,
unet_shuffle_inception_no_progressive,56.75,
unet_shuffle_inception_no_progressive,68.75,
unet_shuffle_inception_no_progressive,70.0,
unet_shuffle_inception_no_progressive,62.5,
unet_shuffle_inception_no_progressive,49.75,
unet_shuffle_inception_no_progressive,198.0,
unet_shuffle_inception_no_progressive,128.5,
unet_shuffle_inception_no_progressive,176.5,
unet_shuffle_inception_no_progressive,177.5,
unet_shuffle_inception_no_progressive,205.0,
unet_shuffle_inception_no_progressive,189.5,
unet_shuffle_inception_no_progressive,201.0,
unet_shuffle_inception_no_progressive,207.5,
unet_shuffle_inception_no_progressive,175.0,
unet_shuffle_inception_no_progressive,192.0,
unet_shuffle_inception_no_progressive,160.5,
unet_shuffle_inception_no_progressive,279.0,
unet_shuffle_inception_no_progressive,291.0,
unet_shuffle_inception_no_progressive,263.0,
unet_shuffle_inception_no_progressive,299.0,
unet_shuffle_inception_no_progressive,285.0,
unet_shuffle_inception_no_progressive,267.0,
unet_shuffle_inception_no_progressive,230.0,
unet_shuffle_inception_no_progressive,216.0,
unet_shuffle_inception_no_progressive,189.0,
unet_shuffle_inception_no_progressive,187.0,
unet_shuffle_inception_no_progressive,159.0,
unet_shuffle_inception_no_progressive,148.0,
unet_shuffle_inception_no_progressive,166.0,
unet_shuffle_inception_no_progressive,106.0,
unet_shuffle_inception_no_progressive,19.3333333333,
unet_shuffle_inception_no_progressive,24.75,
unet_shuffle_inception_no_progressive,31.5,
unet_shuffle_inception_no_progressive,23.75,
unet_shuffle_inception_no_progressive,69.75,
unet_shuffle_inception_no_progressive,78.25,
unet_shuffle_inception_no_progressive,83.75,
unet_shuffle_inception_no_progressive,94.25,
unet_shuffle_inception_no_progressive,71.0,
unet_shuffle_inception_no_progressive,35.5,
unet_shuffle_inception_no_progressive,36.25,
unet_shuffle_inception_no_progressive,80.75,
unet_shuffle_inception_no_progressive,57.5,
unet_shuffle_inception_no_progressive,93.6666666667,
unet_shuffle_inception_no_progressive,133.666666667,
unet_shuffle_inception_no_progressive,146.333333333,
unet_shuffle_inception_no_progressive,49.0,
unet_shuffle_inception_no_progressive,65.0,
unet_shuffle_inception_no_progressive,45.0,
unet_shuffle_inception_no_progressive,53.75,
unet_shuffle_inception_no_progressive,12.5,
unet_shuffle_inception_no_progressive,90.0,
unet_shuffle_inception_no_progressive,227.0,
unet_shuffle_inception_no_progressive,272.0,
unet_shuffle_inception_no_progressive,265.0,
unet_shuffle_inception_no_progressive,162.0,
unet_shuffle_inception_no_progressive,67.0,
unet_shuffle_inception_no_progressive,45.3333333333,
unet_shuffle_inception_no_progressive,11.25,
unet_shuffle_inception_no_progressive,47.5,
unet_shuffle_inception_no_progressive,48.5,
unet_shuffle_inception_no_progressive,30.5,
unet_shuffle_inception_no_progressive,212.0,
unet_shuffle_inception_no_progressive,169.0,
unet_shuffle_inception_no_progressive,79.5,
unet_shuffle_inception_no_progressive,34.25,
unet_shuffle_inception_no_progressive,26.3333333333,
unet_shuffle_inception_no_progressive,20.5,
unet_shuffle_inception_no_progressive,17.5,
unet_shuffle_inception_no_progressive,8.5,
unet_shuffle_inception_no_progressive,26.6666666667,
unet_shuffle_inception_no_progressive,49.6666666667,
unet_shuffle_inception_no_progressive,45.6666666667,
unet_shuffle_inception_no_progressive,27.3333333333,
unet_shuffle_inception_no_progressive,52.6666666667,
unet_shuffle_inception_no_progressive,39.6666666667,
unet_shuffle_inception_no_progressive,14.3333333333,
unet_shuffle_inception_no_progressive,179.666666667,
unet_shuffle_inception_no_progressive,268.333333333,
unet_shuffle_inception_no_progressive,55.0,
unet_shuffle_inception_no_progressive,6.5,
unet_shuffle_inception_no_progressive,39.5,
unet_shuffle_inception_no_progressive,38.25,
unet_shuffle_inception_no_progressive,61.25,
unet_shuffle_inception_no_progressive,85.75,
unet_shuffle_inception_no_progressive,98.75,
unet_shuffle_inception_no_progressive,97.25,
unet_shuffle_inception_no_progressive,66.75,
unet_shuffle_inception_no_progressive,41.3333333333,
unet_shuffle_inception_no_progressive,84.0,
unet_shuffle_inception_no_progressive,108.666666667,
unet_shuffle_inception_no_progressive,149.0,
unet_shuffle_inception_no_progressive,163.666666667,
unet_shuffle_inception_no_progressive,159.666666667,
unet_shuffle_inception_no_progressive,190.333333333,
unet_shuffle_inception_no_progressive,260.333333333,
unet_shuffle_inception_no_progressive,304.0,
unet_shuffle_inception_no_progressive,272.666666667,
unet_shuffle_inception_no_progressive,233.0,
unet_shuffle_inception_no_progressive,243.0,
unet_shuffle_inception_no_progressive,253.0,
unet_shuffle_inception_no_progressive,238.0,
unet_shuffle_inception_no_progressive,227.333333333,
unet_shuffle_inception_no_progressive,250.0,
unet_shuffle_inception_no_progressive,136.0,
unet_shuffle_inception_no_progressive,58.0,
unet_shuffle_inception_no_progressive,94.6666666667,
unet_shuffle_inception_no_progressive,118.333333333,
unet_shuffle_inception_no_progressive,121.333333333,
unet_shuffle_inception_no_progressive,321.666666667,
unet_shuffle_inception_no_progressive,367.666666667,
unet_shuffle_inception_no_progressive,413.333333333,
unet_shuffle_inception_no_progressive,362.333333333,
unet_shuffle_inception_no_progressive,346.0,
unet_shuffle_inception_no_progressive,339.666666667,
unet_shuffle_inception_no_progressive,341.0,
unet_shuffle_inception_no_progressive,240.0,
unet_shuffle_inception_no_progressive,228.666666667,
unet_shuffle_inception_no_progressive,200.0,
unet_shuffle_inception_no_progressive,217.333333333,
unet_shuffle_inception_no_progressive,196.666666667,
unet_shuffle_inception_no_progressive,173.5,
unet_shuffle_inception_no_progressive,142.0,
unet_shuffle_inception_no_progressive,168.0,
unet_shuffle_inception_no_progressive,193.0,
unet_shuffle_inception_no_progressive,146.0,
unet_shuffle_inception_no_progressive,158.0,
unet_shuffle_inception_no_progressive,81.0,
unet_shuffle_inception_no_progressive,48.75,
unet_shuffle_inception_no_progressive,75.25,
unet_shuffle_inception_no_progressive,62.75,
unet_shuffle_inception_no_progressive,56.25,
unet_shuffle_inception_no_progressive,37.75,
unet_shuffle_inception_no_progressive,96.0,
unet_shuffle_inception_no_progressive,156.0,
unet_shuffle_inception_no_progressive,145.0,
unet_shuffle_inception_no_progressive,171.0,
unet_shuffle_inception_no_progressive,87.5,
unet_shuffle_inception_no_progressive,38.6666666667,
unet_shuffle_inception_no_progressive,163.0,
unet_shuffle_inception_no_progressive,131.5,
unet_shuffle_inception_no_progressive,108.5,
unet_shuffle_inception_no_progressive,57.6666666667,
unet_shuffle_inception_no_progressive,46.0,
unet_shuffle_inception_no_progressive,64.5,
unet_shuffle_inception_no_progressive,60.75,
unet_shuffle_inception_no_progressive,35.3333333333,
unet_shuffle_inception_no_progressive,24.6666666667,
unet_shuffle_inception_no_progressive,42.6666666667,
unet_shuffle_inception_no_progressive,27.75,
unet_shuffle_inception_no_progressive,167.0,
unet_shuffle_inception_no_progressive,241.0,
unet_shuffle_inception_no_progressive,223.75,
unet_shuffle_inception_no_progressive,179.333333333,
unet_shuffle_inception_no_progressive,45.75,
unet_shuffle_inception_no_progressive,35.6666666667,
unet_shuffle_inception_no_progressive,166.25,
unet_shuffle_inception_no_progressive,250.25,
unet_shuffle_inception_no_progressive,303.75,
unet_shuffle_inception_no_progressive,366.5,
unet_shuffle_inception_no_progressive,436.75,
unet_shuffle_inception_no_progressive,486.25,
unet_shuffle_inception_no_progressive,550.25,
unet_shuffle_inception_no_progressive,547.75,
unet_shuffle_inception_no_progressive,557.75,
unet_shuffle_inception_no_progressive,555.25,
unet_shuffle_inception_no_progressive,541.0,
unet_shuffle_inception_no_progressive,520.0,
unet_shuffle_inception_no_progressive,482.75,
unet_shuffle_inception_no_progressive,444.0,
unet_shuffle_inception_no_progressive,322.5,
unet_shuffle_inception_no_progressive,267.75,
unet_shuffle_inception_no_progressive,231.5,
unet_shuffle_inception_no_progressive,92.5,
unet_shuffle_inception_no_progressive,246.5,
unet_shuffle_inception_no_progressive,308.0,
unet_shuffle_inception_no_progressive,381.0,
unet_shuffle_inception_no_progressive,540.75,
unet_shuffle_inception_no_progressive,605.75,
unet_shuffle_inception_no_progressive,678.5,
unet_shuffle_inception_no_progressive,700.25,
unet_shuffle_inception_no_progressive,759.25,
unet_shuffle_inception_no_progressive,777.5,
unet_shuffle_inception_no_progressive,787.0,
unet_shuffle_inception_no_progressive,775.5,
unet_shuffle_inception_no_progressive,720.5,
unet_shuffle_inception_no_progressive,674.75,
unet_shuffle_inception_no_progressive,406.25,
unet_shuffle_inception_no_progressive,338.25,
unet_shuffle_inception_no_progressive,288.5,
unet_shuffle_inception_no_progressive,257.25,
unet_shuffle_inception_no_progressive,197.25,
unet_shuffle_inception_no_progressive,93.25,
unet_shuffle_inception_no_progressive,89.75,
unet_shuffle_inception_no_progressive,119.142857143,
unet_shuffle_inception_no_progressive,295.75,
unet_shuffle_inception_no_progressive,490.0,
unet_shuffle_inception_no_progressive,585.75,
unet_shuffle_inception_no_progressive,685.5,
unet_shuffle_inception_no_progressive,754.25,
unet_shuffle_inception_no_progressive,798.25,
unet_shuffle_inception_no_progressive,811.0,
unet_shuffle_inception_no_progressive,782.5,
unet_shuffle_inception_no_progressive,776.5,
unet_shuffle_inception_no_progressive,772.0,
unet_shuffle_inception_no_progressive,746.5,
unet_shuffle_inception_no_progressive,689.25,
unet_shuffle_inception_no_progressive,608.5,
unet_shuffle_inception_no_progressive,489.5,
unet_shuffle_inception_no_progressive,310.25,
unet_shuffle_inception_no_progressive,228.25,
unet_shuffle_inception_no_progressive,91.8571428571,
unet_shuffle_inception_no_progressive,103.25,
unet_shuffle_inception_no_progressive,129.0,
unet_shuffle_inception_no_progressive,132.0,
unet_shuffle_inception_no_progressive,122.5,
unet_shuffle_inception_no_progressive,199.0,
unet_shuffle_inception_no_progressive,294.0,
unet_shuffle_inception_no_progressive,546.0,
unet_shuffle_inception_no_progressive,739.0,
unet_shuffle_inception_no_progressive,1009.0,
unet_shuffle_inception_no_progressive,1127.0,
unet_shuffle_inception_no_progressive,625.0,
unet_shuffle_inception_no_progressive,621.0,
unet_shuffle_inception_no_progressive,1221.0,
unet_shuffle_inception_no_progressive,1142.0,
unet_shuffle_inception_no_progressive,1020.0,
unet_shuffle_inception_no_progressive,75.1666666667,
unet_shuffle_inception_no_progressive,123.0,
unet_shuffle_inception_no_progressive,75.75,
unet_shuffle_inception_no_progressive,77.3333333333,
unet_shuffle_inception_no_progressive,72.1666666667,
unet_shuffle_inception_no_progressive,165.333333333,
unet_shuffle_inception_no_progressive,314.333333333,
unet_shuffle_inception_no_progressive,219.8,
unet_shuffle_inception_no_progressive,236.833333333,
unet_shuffle_inception_no_progressive,269.5,
unet_shuffle_inception_no_progressive,265.25,
unet_shuffle_inception_no_progressive,306.0,
unet_shuffle_inception_no_progressive,240.666666667,
unet_shuffle_inception_no_progressive,90.6666666667,
unet_shuffle_inception_no_progressive,138.0,
unet_shuffle_inception_no_progressive,206.0,
unet_shuffle_inception_no_progressive,24.25,
unet_shuffle_inception_no_progressive,28.5,
unet_shuffle_inception_no_progressive,56.0,
unet_shuffle_inception_no_progressive,242.0,
unet_shuffle_inception_no_progressive,308.333333333,
unet_shuffle_inception_no_progressive,307.5,
unet_shuffle_inception_no_progressive,422.75,
unet_shuffle_inception_no_progressive,447.25,
unet_shuffle_inception_no_progressive,456.0,
unet_shuffle_inception_no_progressive,461.0,
unet_shuffle_inception_no_progressive,481.0,
unet_shuffle_inception_no_progressive,520.5,
unet_shuffle_inception_no_progressive,525.25,
unet_shuffle_inception_no_progressive,548.5,
unet_shuffle_inception_no_progressive,552.0,
unet_shuffle_inception_no_progressive,528.5,
unet_shuffle_inception_no_progressive,540.5,
unet_shuffle_inception_no_progressive,551.75,
unet_shuffle_inception_no_progressive,416.0,
unet_shuffle_inception_no_progressive,333.5,
unet_shuffle_inception_no_progressive,315.5,
unet_shuffle_inception_no_progressive,181.25,
unet_shuffle_inception_no_progressive,126.5,
unet_shuffle_inception_no_progressive,80.25,
unet_shuffle_inception_no_progressive,59.6666666667,
unet_shuffle_inception_no_progressive,62.6666666667,
unet_shuffle_inception_no_progressive,68.6666666667,
unet_shuffle_inception_no_progressive,75.3333333333,
unet_shuffle_inception_no_progressive,40.6666666667,
unet_shuffle_inception_no_progressive,54.3333333333,
unet_shuffle_inception_no_progressive,16.4,
unet_shuffle_inception_no_progressive,23.5714285714,
unet_shuffle_inception_no_progressive,42.7142857143,
unet_shuffle_inception_no_progressive,87.25,
unet_shuffle_inception_no_progressive,25.5,
unet_shuffle_inception_no_progressive,44.5,
unet_shuffle_inception_no_progressive,63.5,
unet_shuffle_inception_no_progressive,306.333333333,
unet_shuffle_inception_no_progressive,351.666666667,
unet_shuffle_inception_no_progressive,428.666666667,
unet_shuffle_inception_no_progressive,589.333333333,
unet_shuffle_inception_no_progressive,757.0,
unet_shuffle_inception_no_progressive,943.0,
unet_shuffle_inception_no_progressive,908.0,
unet_shuffle_inception_no_progressive,810.666666667,
unet_shuffle_inception_no_progressive,686.666666667,
unet_shuffle_inception_no_progressive,581.0,
unet_shuffle_inception_no_progressive,135.0,
unet_shuffle_inception_no_progressive,42.5,
unet_shuffle_inception_no_progressive,33.6666666667,
unet_shuffle_inception_no_progressive,228.0,
unet_shuffle_inception_no_progressive,338.0,
unet_shuffle_inception_no_progressive,902.0,
unet_shuffle_inception_no_progressive,939.0,
unet_shuffle_inception_no_progressive,904.0,
unet_shuffle_inception_no_progressive,793.0,
unet_shuffle_inception_no_progressive,693.0,
unet_shuffle_inception_no_progressive,633.0,
unet_shuffle_inception_no_progressive,616.0,
unet_shuffle_inception_no_progressive,592.0,
unet_shuffle_inception_no_progressive,543.0,
unet_shuffle_inception_no_progressive,398.0,
unet_shuffle_inception_no_progressive,235.0,
unet_shuffle_inception_no_progressive,411.75,
unet_shuffle_inception_no_progressive,526.5,
unet_shuffle_inception_no_progressive,503.75,
unet_shuffle_inception_no_progressive,503.0,
unet_shuffle_inception_no_progressive,404.25,
unet_shuffle_inception_no_progressive,313.25,
unet_shuffle_inception_no_progressive,170.75,
unet_shuffle_inception_no_progressive,178.5,
unet_shuffle_inception_no_progressive,297.25,
unet_shuffle_inception_no_progressive,389.0,
unet_shuffle_inception_no_progressive,438.0,
unet_shuffle_inception_no_progressive,198.5,
unet_shuffle_inception_no_progressive,139.333333333,
unet_shuffle_inception_no_progressive,236.5,
unet_shuffle_inception_no_progressive,298.0,
