Modality,Annotation Size,TN
unet_shuffle_inception_no_progressive,52.75,262090.921875
unet_shuffle_inception_no_progressive,71.5,262064.0
unet_shuffle_inception_no_progressive,30.25,262114.953125
unet_shuffle_inception_no_progressive,30.3333333333,262057.42708333334
unet_shuffle_inception_no_progressive,28.0,262109.58854166666
unet_shuffle_inception_no_progressive,20.25,262106.1875
unet_shuffle_inception_no_progressive,9.33333333333,262100.3125
unet_shuffle_inception_no_progressive,26.0,262093.1171875
unet_shuffle_inception_no_progressive,21.0,262121.3565340909
unet_shuffle_inception_no_progressive,24.0,262117.340625
unet_shuffle_inception_no_progressive,40.75,262104.53125
unet_shuffle_inception_no_progressive,38.5,262101.328125
unet_shuffle_inception_no_progressive,20.75,262118.265625
unet_shuffle_inception_no_progressive,19.0,262122.81770833334
unet_shuffle_inception_no_progressive,6.0,262036.8125
unet_shuffle_inception_no_progressive,16.0,262121.303125
unet_shuffle_inception_no_progressive,29.5,262127.375
unet_shuffle_inception_no_progressive,37.5,262088.921875
unet_shuffle_inception_no_progressive,17.0,262124.3671875
unet_shuffle_inception_no_progressive,13.0,262126.15277777778
unet_shuffle_inception_no_progressive,52.0,262093.34375
unet_shuffle_inception_no_progressive,40.0,262098.158203125
unet_shuffle_inception_no_progressive,80.0,262058.50520833334
unet_shuffle_inception_no_progressive,50.0,262086.75260416666
unet_shuffle_inception_no_progressive,19.6666666667,262089.78645833334
unet_shuffle_inception_no_progressive,29.1666666667,262104.90625
unet_shuffle_inception_no_progressive,45.25,262092.90625
unet_shuffle_inception_no_progressive,63.0,261977.4375
unet_shuffle_inception_no_progressive,31.3333333333,262084.84375
unet_shuffle_inception_no_progressive,124.0,262019.953125
unet_shuffle_inception_no_progressive,114.0,262004.375
unet_shuffle_inception_no_progressive,127.666666667,261997.09375
unet_shuffle_inception_no_progressive,203.0,261939.234375
unet_shuffle_inception_no_progressive,240.333333333,261898.328125
unet_shuffle_inception_no_progressive,147.0,262058.5078125
unet_shuffle_inception_no_progressive,50.6666666667,262098.765625
unet_shuffle_inception_no_progressive,18.0,262021.8515625
unet_shuffle_inception_no_progressive,56.5,262103.0
unet_shuffle_inception_no_progressive,97.0,262045.140625
unet_shuffle_inception_no_progressive,146.5,261978.453125
unet_shuffle_inception_no_progressive,107.5,261995.296875
unet_shuffle_inception_no_progressive,48.3333333333,262085.1875
unet_shuffle_inception_no_progressive,191.0,261882.74479166666
unet_shuffle_inception_no_progressive,208.0,261919.28125
unet_shuffle_inception_no_progressive,47.0,262096.18125
unet_shuffle_inception_no_progressive,32.0,262108.13802083334
unet_shuffle_inception_no_progressive,121.0,262006.875
unet_shuffle_inception_no_progressive,17.6666666667,262114.65625
unet_shuffle_inception_no_progressive,23.0,262118.7703125
unet_shuffle_inception_no_progressive,113.75,262047.984375
unet_shuffle_inception_no_progressive,148.75,262029.953125
unet_shuffle_inception_no_progressive,201.75,261864.796875
unet_shuffle_inception_no_progressive,239.75,261886.90625
unet_shuffle_inception_no_progressive,289.5,261862.921875
unet_shuffle_inception_no_progressive,248.0,261931.40625
unet_shuffle_inception_no_progressive,104.0,262023.8125
unet_shuffle_inception_no_progressive,94.0,262057.1640625
unet_shuffle_inception_no_progressive,77.0,262066.93125
unet_shuffle_inception_no_progressive,211.0,261896.71875
unet_shuffle_inception_no_progressive,174.75,262023.328125
unet_shuffle_inception_no_progressive,406.5,261822.78125
unet_shuffle_inception_no_progressive,471.75,261779.65625
unet_shuffle_inception_no_progressive,365.25,261714.828125
unet_shuffle_inception_no_progressive,158.75,261964.90625
unet_shuffle_inception_no_progressive,153.0,261971.88020833334
unet_shuffle_inception_no_progressive,148.333333333,262005.328125
unet_shuffle_inception_no_progressive,145.5,262012.0
unet_shuffle_inception_no_progressive,140.5,262038.5
unet_shuffle_inception_no_progressive,101.0,262040.7734375
unet_shuffle_inception_no_progressive,141.0,261999.8203125
unet_shuffle_inception_no_progressive,172.25,261973.921875
unet_shuffle_inception_no_progressive,169.5,261968.359375
unet_shuffle_inception_no_progressive,141.75,261997.3125
unet_shuffle_inception_no_progressive,85.0,261959.63671875
unet_shuffle_inception_no_progressive,59.0,262083.7421875
unet_shuffle_inception_no_progressive,12.0,262112.65798611112
unet_shuffle_inception_no_progressive,7.0,262133.98660714287
unet_shuffle_inception_no_progressive,14.0,262128.175
unet_shuffle_inception_no_progressive,27.0,262099.31026785713
unet_shuffle_inception_no_progressive,99.3333333333,262054.9375
unet_shuffle_inception_no_progressive,135.666666667,262037.953125
unet_shuffle_inception_no_progressive,180.5,261962.5078125
unet_shuffle_inception_no_progressive,188.75,261950.5
unet_shuffle_inception_no_progressive,221.75,261960.625
unet_shuffle_inception_no_progressive,228.5,261933.765625
unet_shuffle_inception_no_progressive,239.0,261887.265625
unet_shuffle_inception_no_progressive,251.25,261931.4375
unet_shuffle_inception_no_progressive,231.0,261878.8125
unet_shuffle_inception_no_progressive,231.75,261905.8125
unet_shuffle_inception_no_progressive,222.25,261884.453125
unet_shuffle_inception_no_progressive,217.25,261933.15625
unet_shuffle_inception_no_progressive,215.75,261925.34375
unet_shuffle_inception_no_progressive,206.5,261888.375
unet_shuffle_inception_no_progressive,186.75,261975.015625
unet_shuffle_inception_no_progressive,162.25,261975.828125
unet_shuffle_inception_no_progressive,146.75,261992.28125
unet_shuffle_inception_no_progressive,130.75,261985.0625
unet_shuffle_inception_no_progressive,33.0,262097.46484375
unet_shuffle_inception_no_progressive,18.25,262120.9375
unet_shuffle_inception_no_progressive,160.0,261981.84375
unet_shuffle_inception_no_progressive,190.0,261949.7734375
unet_shuffle_inception_no_progressive,245.0,261896.65625
unet_shuffle_inception_no_progressive,181.0,261898.96875
unet_shuffle_inception_no_progressive,210.5,261811.15625
unet_shuffle_inception_no_progressive,185.0,261900.5
unet_shuffle_inception_no_progressive,135.5,261984.0
unet_shuffle_inception_no_progressive,166.5,261915.515625
unet_shuffle_inception_no_progressive,176.75,261950.234375
unet_shuffle_inception_no_progressive,136.75,261994.28125
unet_shuffle_inception_no_progressive,116.5,262070.125
unet_shuffle_inception_no_progressive,89.25,262067.015625
unet_shuffle_inception_no_progressive,52.5,262082.296875
unet_shuffle_inception_no_progressive,40.5,262098.0703125
unet_shuffle_inception_no_progressive,78.0,262062.7109375
unet_shuffle_inception_no_progressive,112.0,261854.890625
unet_shuffle_inception_no_progressive,122.0,262021.9375
unet_shuffle_inception_no_progressive,134.0,262009.96875
unet_shuffle_inception_no_progressive,150.0,262033.9375
unet_shuffle_inception_no_progressive,180.0,261963.828125
unet_shuffle_inception_no_progressive,186.0,262024.4375
unet_shuffle_inception_no_progressive,202.0,261941.9375
unet_shuffle_inception_no_progressive,194.0,261949.0625
unet_shuffle_inception_no_progressive,214.0,261927.828125
unet_shuffle_inception_no_progressive,54.5,262083.6015625
unet_shuffle_inception_no_progressive,69.25,262066.2421875
unet_shuffle_inception_no_progressive,83.25,262065.34375
unet_shuffle_inception_no_progressive,69.0,262073.890625
unet_shuffle_inception_no_progressive,38.0,262094.959375
unet_shuffle_inception_no_progressive,54.0,262081.246875
unet_shuffle_inception_no_progressive,95.5,262019.234375
unet_shuffle_inception_no_progressive,161.0,261947.45833333334
unet_shuffle_inception_no_progressive,314.5,261805.328125
unet_shuffle_inception_no_progressive,351.0,261787.03125
unet_shuffle_inception_no_progressive,389.75,261644.625
unet_shuffle_inception_no_progressive,247.714285714,261754.8125
unet_shuffle_inception_no_progressive,240.75,261675.9375
unet_shuffle_inception_no_progressive,237.555555556,261549.015625
unet_shuffle_inception_no_progressive,242.1,261632.046875
unet_shuffle_inception_no_progressive,304.181818182,261531.546875
unet_shuffle_inception_no_progressive,297.909090909,261339.78125
unet_shuffle_inception_no_progressive,355.727272727,261391.140625
unet_shuffle_inception_no_progressive,311.636363636,261288.765625
unet_shuffle_inception_no_progressive,284.181818182,261477.375
unet_shuffle_inception_no_progressive,219.272727273,261538.265625
unet_shuffle_inception_no_progressive,143.363636364,261740.203125
unet_shuffle_inception_no_progressive,127.285714286,261824.921875
unet_shuffle_inception_no_progressive,67.4285714286,261946.21875
unet_shuffle_inception_no_progressive,58.5714285714,262044.28125
unet_shuffle_inception_no_progressive,88.5,262071.796875
unet_shuffle_inception_no_progressive,35.0,262047.04166666666
unet_shuffle_inception_no_progressive,10.0,262133.13839285713
unet_shuffle_inception_no_progressive,51.5,262071.734375
unet_shuffle_inception_no_progressive,86.0,262057.27604166666
unet_shuffle_inception_no_progressive,83.0,262062.5
unet_shuffle_inception_no_progressive,82.0,262052.265625
unet_shuffle_inception_no_progressive,57.0,262105.015625
unet_shuffle_inception_no_progressive,15.0,262112.36057692306
unet_shuffle_inception_no_progressive,20.0,262115.48958333334
unet_shuffle_inception_no_progressive,22.0,262117.74609375
unet_shuffle_inception_no_progressive,49.3333333333,262102.3984375
unet_shuffle_inception_no_progressive,61.2,262072.9375
unet_shuffle_inception_no_progressive,48.0,262093.2109375
unet_shuffle_inception_no_progressive,44.3333333333,262095.375
unet_shuffle_inception_no_progressive,130.0,261952.375
unet_shuffle_inception_no_progressive,195.0,261903.703125
unet_shuffle_inception_no_progressive,275.0,261738.9375
unet_shuffle_inception_no_progressive,249.0,261774.3984375
unet_shuffle_inception_no_progressive,57.25,262051.921875
unet_shuffle_inception_no_progressive,179.0,261892.53125
unet_shuffle_inception_no_progressive,194.5,262026.0625
unet_shuffle_inception_no_progressive,4.0,262129.8984375
unet_shuffle_inception_no_progressive,11.0,262119.66964285713
unet_shuffle_inception_no_progressive,31.0,262105.34895833334
unet_shuffle_inception_no_progressive,55.6666666667,262082.0
unet_shuffle_inception_no_progressive,76.6666666667,262042.03125
unet_shuffle_inception_no_progressive,95.3333333333,262038.9375
unet_shuffle_inception_no_progressive,94.5,262016.890625
unet_shuffle_inception_no_progressive,80.5,261991.1953125
unet_shuffle_inception_no_progressive,69.5,262051.25
unet_shuffle_inception_no_progressive,53.0,262089.3515625
unet_shuffle_inception_no_progressive,41.5,262094.6953125
unet_shuffle_inception_no_progressive,24.5,262123.46875
unet_shuffle_inception_no_progressive,49.5,262041.4765625
unet_shuffle_inception_no_progressive,53.5,262091.25
unet_shuffle_inception_no_progressive,87.0,262051.13541666666
unet_shuffle_inception_no_progressive,2.0,262141.9296875
unet_shuffle_inception_no_progressive,3.0,262140.765625
unet_shuffle_inception_no_progressive,9.0,262114.56875
unet_shuffle_inception_no_progressive,92.0,262049.578125
unet_shuffle_inception_no_progressive,88.0,262054.875
unet_shuffle_inception_no_progressive,116.0,262007.84375
unet_shuffle_inception_no_progressive,64.0,261983.59375
unet_shuffle_inception_no_progressive,37.0,262091.51041666666
unet_shuffle_inception_no_progressive,25.0,262060.50568181818
unet_shuffle_inception_no_progressive,8.0,262034.9017857143
unet_shuffle_inception_no_progressive,220.25,261873.140625
unet_shuffle_inception_no_progressive,434.5,261706.171875
unet_shuffle_inception_no_progressive,464.25,261669.21875
unet_shuffle_inception_no_progressive,356.5,261782.765625
unet_shuffle_inception_no_progressive,132.25,262111.84375
unet_shuffle_inception_no_progressive,86.5,262034.53125
unet_shuffle_inception_no_progressive,119.0,262013.6328125
unet_shuffle_inception_no_progressive,112.5,262001.578125
unet_shuffle_inception_no_progressive,140.0,261988.71875
unet_shuffle_inception_no_progressive,29.0,262109.015625
unet_shuffle_inception_no_progressive,51.0,262085.44921875
unet_shuffle_inception_no_progressive,131.0,262015.75
unet_shuffle_inception_no_progressive,212.25,261948.78125
unet_shuffle_inception_no_progressive,260.0,261821.328125
unet_shuffle_inception_no_progressive,341.25,261764.75
unet_shuffle_inception_no_progressive,378.75,261672.046875
unet_shuffle_inception_no_progressive,400.5,261764.765625
unet_shuffle_inception_no_progressive,429.25,261766.859375
unet_shuffle_inception_no_progressive,454.75,261584.9375
unet_shuffle_inception_no_progressive,457.5,261707.921875
unet_shuffle_inception_no_progressive,447.0,261750.75
unet_shuffle_inception_no_progressive,432.25,261771.609375
unet_shuffle_inception_no_progressive,400.0,261750.875
unet_shuffle_inception_no_progressive,367.75,261776.953125
unet_shuffle_inception_no_progressive,305.0,261869.3984375
unet_shuffle_inception_no_progressive,213.5,261884.96875
unet_shuffle_inception_no_progressive,109.5,262015.96875
unet_shuffle_inception_no_progressive,5.0,262108.97395833334
unet_shuffle_inception_no_progressive,16.5,262075.421875
unet_shuffle_inception_no_progressive,11.5,262084.6015625
unet_shuffle_inception_no_progressive,41.0,261960.309375
unet_shuffle_inception_no_progressive,61.3333333333,262067.86458333334
unet_shuffle_inception_no_progressive,72.6666666667,262079.96875
unet_shuffle_inception_no_progressive,72.0,262066.328125
unet_shuffle_inception_no_progressive,70.3333333333,262068.34375
unet_shuffle_inception_no_progressive,30.6666666667,262114.375
unet_shuffle_inception_no_progressive,33.5,262111.3203125
unet_shuffle_inception_no_progressive,34.5,262097.8671875
unet_shuffle_inception_no_progressive,36.5,262115.2578125
unet_shuffle_inception_no_progressive,36.875,262067.65625
unet_shuffle_inception_no_progressive,58.25,262083.71875
unet_shuffle_inception_no_progressive,21.5,262109.40625
unet_shuffle_inception_no_progressive,28.3333333333,262111.328125
unet_shuffle_inception_no_progressive,73.0,262069.046875
unet_shuffle_inception_no_progressive,61.0,262074.453125
unet_shuffle_inception_no_progressive,42.0,262092.171875
unet_shuffle_inception_no_progressive,43.5,262031.13020833334
unet_shuffle_inception_no_progressive,6.66666666667,262132.9375
unet_shuffle_inception_no_progressive,40.25,262107.234375
unet_shuffle_inception_no_progressive,37.25,262110.5625
unet_shuffle_inception_no_progressive,30.75,262108.96875
unet_shuffle_inception_no_progressive,44.6666666667,262081.984375
unet_shuffle_inception_no_progressive,87.6666666667,262082.515625
unet_shuffle_inception_no_progressive,105.0,262051.9375
unet_shuffle_inception_no_progressive,23.5,262120.875
unet_shuffle_inception_no_progressive,36.1666666667,262103.953125
unet_shuffle_inception_no_progressive,36.4,262123.8125
unet_shuffle_inception_no_progressive,32.6666666667,262106.71875
unet_shuffle_inception_no_progressive,70.5,262079.0
unet_shuffle_inception_no_progressive,150.5,262001.0
unet_shuffle_inception_no_progressive,71.25,262082.3203125
unet_shuffle_inception_no_progressive,44.0,262092.95572916666
unet_shuffle_inception_no_progressive,34.0,262031.19097222222
unet_shuffle_inception_no_progressive,91.0,262040.359375
unet_shuffle_inception_no_progressive,15.3333333333,262127.9375
unet_shuffle_inception_no_progressive,29.25,262127.78125
unet_shuffle_inception_no_progressive,33.25,262115.890625
unet_shuffle_inception_no_progressive,16.25,262124.6796875
unet_shuffle_inception_no_progressive,58.75,262139.609375
unet_shuffle_inception_no_progressive,86.25,262046.53125
unet_shuffle_inception_no_progressive,146.25,261919.953125
unet_shuffle_inception_no_progressive,201.5,261936.8125
unet_shuffle_inception_no_progressive,225.0,261963.0625
unet_shuffle_inception_no_progressive,247.5,261959.546875
unet_shuffle_inception_no_progressive,257.0,261837.296875
unet_shuffle_inception_no_progressive,265.75,261924.5
unet_shuffle_inception_no_progressive,278.0,261845.79296875
unet_shuffle_inception_no_progressive,199.25,261927.4375
unet_shuffle_inception_no_progressive,147.75,261960.671875
unet_shuffle_inception_no_progressive,73.6666666667,262138.734375
unet_shuffle_inception_no_progressive,39.0,262110.9609375
unet_shuffle_inception_no_progressive,32.3333333333,262113.2578125
unet_shuffle_inception_no_progressive,9.5,262138.046875
unet_shuffle_inception_no_progressive,77.25,262071.5859375
unet_shuffle_inception_no_progressive,93.5,262004.09375
unet_shuffle_inception_no_progressive,30.0,262095.828125
unet_shuffle_inception_no_progressive,102.0,262019.859375
unet_shuffle_inception_no_progressive,160.666666667,261948.875
unet_shuffle_inception_no_progressive,307.666666667,261841.71875
unet_shuffle_inception_no_progressive,385.666666667,261741.875
unet_shuffle_inception_no_progressive,437.333333333,261672.53125
unet_shuffle_inception_no_progressive,514.0,261608.1875
unet_shuffle_inception_no_progressive,568.333333333,261518.71875
unet_shuffle_inception_no_progressive,605.0,261552.40625
unet_shuffle_inception_no_progressive,687.666666667,261494.640625
unet_shuffle_inception_no_progressive,739.333333333,261444.90625
unet_shuffle_inception_no_progressive,736.0,261388.703125
unet_shuffle_inception_no_progressive,776.0,261362.640625
unet_shuffle_inception_no_progressive,740.333333333,261456.53125
unet_shuffle_inception_no_progressive,662.0,261497.390625
unet_shuffle_inception_no_progressive,536.333333333,261605.546875
unet_shuffle_inception_no_progressive,393.0,261779.0
unet_shuffle_inception_no_progressive,316.333333333,261834.671875
unet_shuffle_inception_no_progressive,265.333333333,261849.53125
unet_shuffle_inception_no_progressive,143.666666667,262028.109375
unet_shuffle_inception_no_progressive,59.5,262087.56770833334
unet_shuffle_inception_no_progressive,46.6666666667,262082.578125
unet_shuffle_inception_no_progressive,26.5,262115.6796875
unet_shuffle_inception_no_progressive,43.0,262085.94270833334
unet_shuffle_inception_no_progressive,66.0,262082.04166666666
unet_shuffle_inception_no_progressive,36.0,262109.8984375
unet_shuffle_inception_no_progressive,18.3333333333,262138.59375
unet_shuffle_inception_no_progressive,79.3333333333,262044.578125
unet_shuffle_inception_no_progressive,31.6666666667,262120.96875
unet_shuffle_inception_no_progressive,92.3333333333,262065.5
unet_shuffle_inception_no_progressive,128.0,262004.1484375
unet_shuffle_inception_no_progressive,154.333333333,261994.3125
unet_shuffle_inception_no_progressive,89.6666666667,262060.1640625
unet_shuffle_inception_no_progressive,19.5,262120.51041666666
unet_shuffle_inception_no_progressive,143.0,261966.8125
unet_shuffle_inception_no_progressive,133.333333333,262038.5
unet_shuffle_inception_no_progressive,85.6666666667,262057.9375
unet_shuffle_inception_no_progressive,63.6666666667,262091.828125
unet_shuffle_inception_no_progressive,51.6666666667,262086.953125
unet_shuffle_inception_no_progressive,75.0,262080.5625
unet_shuffle_inception_no_progressive,203.25,261920.5
unet_shuffle_inception_no_progressive,188.25,261991.0
unet_shuffle_inception_no_progressive,111.0,262015.921875
unet_shuffle_inception_no_progressive,16.3333333333,262114.9296875
unet_shuffle_inception_no_progressive,43.3333333333,262083.3125
unet_shuffle_inception_no_progressive,134.75,261989.78125
unet_shuffle_inception_no_progressive,242.25,261823.625
unet_shuffle_inception_no_progressive,316.5,261879.90625
unet_shuffle_inception_no_progressive,334.8,261767.984375
unet_shuffle_inception_no_progressive,421.6,261607.984375
unet_shuffle_inception_no_progressive,646.5,261513.921875
unet_shuffle_inception_no_progressive,720.75,261241.828125
unet_shuffle_inception_no_progressive,753.5,261382.15625
unet_shuffle_inception_no_progressive,826.5,261257.890625
unet_shuffle_inception_no_progressive,806.5,261251.140625
unet_shuffle_inception_no_progressive,736.5,261524.65625
unet_shuffle_inception_no_progressive,697.5,261319.75
unet_shuffle_inception_no_progressive,659.25,261403.953125
unet_shuffle_inception_no_progressive,560.25,261691.953125
unet_shuffle_inception_no_progressive,466.25,261772.453125
unet_shuffle_inception_no_progressive,347.25,261747.421875
unet_shuffle_inception_no_progressive,215.5,262012.046875
unet_shuffle_inception_no_progressive,130.666666667,261986.453125
unet_shuffle_inception_no_progressive,62.0,262071.3671875
unet_shuffle_inception_no_progressive,76.0,261781.375
unet_shuffle_inception_no_progressive,99.0,261747.65625
unet_shuffle_inception_no_progressive,182.0,261730.640625
unet_shuffle_inception_no_progressive,323.0,261642.84375
unet_shuffle_inception_no_progressive,472.0,261523.09375
unet_shuffle_inception_no_progressive,506.0,261547.15625
unet_shuffle_inception_no_progressive,529.0,261494.609375
unet_shuffle_inception_no_progressive,534.0,261602.515625
unet_shuffle_inception_no_progressive,567.0,261573.75
unet_shuffle_inception_no_progressive,441.0,261699.671875
unet_shuffle_inception_no_progressive,445.0,261691.796875
unet_shuffle_inception_no_progressive,561.0,261580.203125
unet_shuffle_inception_no_progressive,589.0,261613.15625
unet_shuffle_inception_no_progressive,575.0,261565.0625
unet_shuffle_inception_no_progressive,523.0,261619.046875
unet_shuffle_inception_no_progressive,350.0,261788.5703125
unet_shuffle_inception_no_progressive,383.0,261757.4375
unet_shuffle_inception_no_progressive,358.0,261781.859375
unet_shuffle_inception_no_progressive,327.0,261816.6875
unet_shuffle_inception_no_progressive,290.0,261852.59375
unet_shuffle_inception_no_progressive,21.3333333333,262128.921875
unet_shuffle_inception_no_progressive,56.75,262076.890625
unet_shuffle_inception_no_progressive,68.75,262091.125
unet_shuffle_inception_no_progressive,70.0,262061.4921875
unet_shuffle_inception_no_progressive,62.5,262094.625
unet_shuffle_inception_no_progressive,49.75,262076.609375
unet_shuffle_inception_no_progressive,198.0,261945.9375
unet_shuffle_inception_no_progressive,128.5,262010.6875
unet_shuffle_inception_no_progressive,176.5,261818.109375
unet_shuffle_inception_no_progressive,177.5,262100.234375
unet_shuffle_inception_no_progressive,205.0,262008.0859375
unet_shuffle_inception_no_progressive,189.5,261797.65625
unet_shuffle_inception_no_progressive,201.0,262071.890625
unet_shuffle_inception_no_progressive,207.5,261735.75
unet_shuffle_inception_no_progressive,175.0,262103.71875
unet_shuffle_inception_no_progressive,192.0,262011.453125
unet_shuffle_inception_no_progressive,160.5,262129.046875
unet_shuffle_inception_no_progressive,279.0,261863.25
unet_shuffle_inception_no_progressive,291.0,261851.875
unet_shuffle_inception_no_progressive,263.0,261880.171875
unet_shuffle_inception_no_progressive,299.0,261843.28125
unet_shuffle_inception_no_progressive,285.0,261853.4453125
unet_shuffle_inception_no_progressive,267.0,261875.359375
unet_shuffle_inception_no_progressive,230.0,261911.421875
unet_shuffle_inception_no_progressive,216.0,261918.1640625
unet_shuffle_inception_no_progressive,189.0,261946.59375
unet_shuffle_inception_no_progressive,187.0,261953.328125
unet_shuffle_inception_no_progressive,159.0,261980.828125
unet_shuffle_inception_no_progressive,148.0,261994.96875
unet_shuffle_inception_no_progressive,166.0,261975.765625
unet_shuffle_inception_no_progressive,106.0,262027.53125
unet_shuffle_inception_no_progressive,19.3333333333,262119.5625
unet_shuffle_inception_no_progressive,24.75,262115.0625
unet_shuffle_inception_no_progressive,31.5,262119.859375
unet_shuffle_inception_no_progressive,23.75,262117.8125
unet_shuffle_inception_no_progressive,69.75,262079.828125
unet_shuffle_inception_no_progressive,78.25,262075.8125
unet_shuffle_inception_no_progressive,83.75,262077.8125
unet_shuffle_inception_no_progressive,94.25,262019.875
unet_shuffle_inception_no_progressive,71.0,262080.671875
unet_shuffle_inception_no_progressive,35.5,262089.671875
unet_shuffle_inception_no_progressive,36.25,262111.28645833334
unet_shuffle_inception_no_progressive,80.75,262068.25
unet_shuffle_inception_no_progressive,57.5,262076.5
unet_shuffle_inception_no_progressive,93.6666666667,262042.28125
unet_shuffle_inception_no_progressive,133.666666667,261983.703125
unet_shuffle_inception_no_progressive,146.333333333,261997.4375
unet_shuffle_inception_no_progressive,49.0,262100.6328125
unet_shuffle_inception_no_progressive,65.0,262078.90625
unet_shuffle_inception_no_progressive,45.0,262098.38020833334
unet_shuffle_inception_no_progressive,53.75,262105.1875
unet_shuffle_inception_no_progressive,12.5,262107.578125
unet_shuffle_inception_no_progressive,90.0,262049.3671875
unet_shuffle_inception_no_progressive,227.0,261910.0625
unet_shuffle_inception_no_progressive,272.0,261864.34375
unet_shuffle_inception_no_progressive,265.0,261866.03125
unet_shuffle_inception_no_progressive,162.0,261941.84375
unet_shuffle_inception_no_progressive,67.0,262063.71875
unet_shuffle_inception_no_progressive,45.3333333333,262089.84375
unet_shuffle_inception_no_progressive,11.25,262117.53125
unet_shuffle_inception_no_progressive,47.5,262106.7734375
unet_shuffle_inception_no_progressive,48.5,262065.390625
unet_shuffle_inception_no_progressive,30.5,262086.4375
unet_shuffle_inception_no_progressive,212.0,261962.078125
unet_shuffle_inception_no_progressive,169.0,261933.03645833334
unet_shuffle_inception_no_progressive,79.5,261896.96875
unet_shuffle_inception_no_progressive,34.25,262101.9375
unet_shuffle_inception_no_progressive,26.3333333333,262107.453125
unet_shuffle_inception_no_progressive,20.5,262117.90625
unet_shuffle_inception_no_progressive,17.5,262109.359375
unet_shuffle_inception_no_progressive,8.5,262131.796875
unet_shuffle_inception_no_progressive,26.6666666667,262124.890625
unet_shuffle_inception_no_progressive,49.6666666667,262090.828125
unet_shuffle_inception_no_progressive,45.6666666667,262079.921875
unet_shuffle_inception_no_progressive,27.3333333333,262133.9375
unet_shuffle_inception_no_progressive,52.6666666667,262068.515625
unet_shuffle_inception_no_progressive,39.6666666667,262110.5625
unet_shuffle_inception_no_progressive,14.3333333333,262026.328125
unet_shuffle_inception_no_progressive,179.666666667,262032.84375
unet_shuffle_inception_no_progressive,268.333333333,261819.953125
unet_shuffle_inception_no_progressive,55.0,262101.7890625
unet_shuffle_inception_no_progressive,6.5,262136.4375
unet_shuffle_inception_no_progressive,39.5,262086.4921875
unet_shuffle_inception_no_progressive,38.25,262102.171875
unet_shuffle_inception_no_progressive,61.25,262011.734375
unet_shuffle_inception_no_progressive,85.75,261837.359375
unet_shuffle_inception_no_progressive,98.75,261750.109375
unet_shuffle_inception_no_progressive,97.25,261838.796875
unet_shuffle_inception_no_progressive,66.75,262044.34375
unet_shuffle_inception_no_progressive,41.3333333333,262118.046875
unet_shuffle_inception_no_progressive,84.0,262026.625
unet_shuffle_inception_no_progressive,108.666666667,262003.140625
unet_shuffle_inception_no_progressive,149.0,262024.75
unet_shuffle_inception_no_progressive,163.666666667,261909.25
unet_shuffle_inception_no_progressive,159.666666667,261917.78125
unet_shuffle_inception_no_progressive,190.333333333,261964.765625
unet_shuffle_inception_no_progressive,260.333333333,261923.640625
unet_shuffle_inception_no_progressive,304.0,261850.265625
unet_shuffle_inception_no_progressive,272.666666667,261922.296875
unet_shuffle_inception_no_progressive,233.0,261957.15625
unet_shuffle_inception_no_progressive,243.0,261822.75
unet_shuffle_inception_no_progressive,253.0,261882.4375
unet_shuffle_inception_no_progressive,238.0,261847.4375
unet_shuffle_inception_no_progressive,227.333333333,261854.984375
unet_shuffle_inception_no_progressive,250.0,261826.03125
unet_shuffle_inception_no_progressive,136.0,261993.359375
unet_shuffle_inception_no_progressive,58.0,262088.55729166666
unet_shuffle_inception_no_progressive,94.6666666667,262044.953125
unet_shuffle_inception_no_progressive,118.333333333,261985.9375
unet_shuffle_inception_no_progressive,121.333333333,262044.875
unet_shuffle_inception_no_progressive,321.666666667,261812.953125
unet_shuffle_inception_no_progressive,367.666666667,261782.390625
unet_shuffle_inception_no_progressive,413.333333333,261717.828125
unet_shuffle_inception_no_progressive,362.333333333,261819.390625
unet_shuffle_inception_no_progressive,346.0,261855.921875
unet_shuffle_inception_no_progressive,339.666666667,261842.546875
unet_shuffle_inception_no_progressive,341.0,261771.03125
unet_shuffle_inception_no_progressive,240.0,261858.1875
unet_shuffle_inception_no_progressive,228.666666667,261948.953125
unet_shuffle_inception_no_progressive,200.0,261950.828125
unet_shuffle_inception_no_progressive,217.333333333,261932.640625
unet_shuffle_inception_no_progressive,196.666666667,261934.96875
unet_shuffle_inception_no_progressive,173.5,261936.921875
unet_shuffle_inception_no_progressive,142.0,262001.9375
unet_shuffle_inception_no_progressive,168.0,261975.953125
unet_shuffle_inception_no_progressive,193.0,261950.90625
unet_shuffle_inception_no_progressive,146.0,261997.90625
unet_shuffle_inception_no_progressive,158.0,261985.90625
unet_shuffle_inception_no_progressive,81.0,262062.4765625
unet_shuffle_inception_no_progressive,48.75,262086.359375
unet_shuffle_inception_no_progressive,75.25,262074.71875
unet_shuffle_inception_no_progressive,62.75,262085.1328125
unet_shuffle_inception_no_progressive,56.25,262089.0
unet_shuffle_inception_no_progressive,37.75,262120.28125
unet_shuffle_inception_no_progressive,96.0,262038.46875
unet_shuffle_inception_no_progressive,156.0,261972.609375
unet_shuffle_inception_no_progressive,145.0,261997.578125
unet_shuffle_inception_no_progressive,171.0,261913.7734375
unet_shuffle_inception_no_progressive,87.5,261976.0
unet_shuffle_inception_no_progressive,38.6666666667,262118.953125
unet_shuffle_inception_no_progressive,163.0,261980.84375
unet_shuffle_inception_no_progressive,131.5,262012.828125
unet_shuffle_inception_no_progressive,108.5,262030.90625
unet_shuffle_inception_no_progressive,57.6666666667,262098.5
unet_shuffle_inception_no_progressive,46.0,262083.46875
unet_shuffle_inception_no_progressive,64.5,262092.28125
unet_shuffle_inception_no_progressive,60.75,262071.875
unet_shuffle_inception_no_progressive,35.3333333333,262096.5859375
unet_shuffle_inception_no_progressive,24.6666666667,262098.90625
unet_shuffle_inception_no_progressive,42.6666666667,262094.65625
unet_shuffle_inception_no_progressive,27.75,262121.796875
unet_shuffle_inception_no_progressive,167.0,262054.75
unet_shuffle_inception_no_progressive,241.0,261846.15625
unet_shuffle_inception_no_progressive,223.75,261835.5625
unet_shuffle_inception_no_progressive,179.333333333,261898.125
unet_shuffle_inception_no_progressive,45.75,262096.90625
unet_shuffle_inception_no_progressive,35.6666666667,262108.96875
unet_shuffle_inception_no_progressive,166.25,261831.640625
unet_shuffle_inception_no_progressive,250.25,261790.015625
unet_shuffle_inception_no_progressive,303.75,261774.28125
unet_shuffle_inception_no_progressive,366.5,261815.0625
unet_shuffle_inception_no_progressive,436.75,261656.921875
unet_shuffle_inception_no_progressive,486.25,261635.546875
unet_shuffle_inception_no_progressive,550.25,261550.59375
unet_shuffle_inception_no_progressive,547.75,261556.25
unet_shuffle_inception_no_progressive,557.75,261540.765625
unet_shuffle_inception_no_progressive,555.25,261572.71875
unet_shuffle_inception_no_progressive,541.0,261597.609375
unet_shuffle_inception_no_progressive,520.0,261622.6875
unet_shuffle_inception_no_progressive,482.75,261662.375
unet_shuffle_inception_no_progressive,444.0,261692.078125
unet_shuffle_inception_no_progressive,322.5,261822.578125
unet_shuffle_inception_no_progressive,267.75,261919.765625
unet_shuffle_inception_no_progressive,231.5,261948.96875
unet_shuffle_inception_no_progressive,92.5,262044.28125
unet_shuffle_inception_no_progressive,246.5,261950.6875
unet_shuffle_inception_no_progressive,308.0,261772.8125
unet_shuffle_inception_no_progressive,381.0,261859.875
unet_shuffle_inception_no_progressive,540.75,261730.90625
unet_shuffle_inception_no_progressive,605.75,261444.9375
unet_shuffle_inception_no_progressive,678.5,261356.75
unet_shuffle_inception_no_progressive,700.25,261478.25
unet_shuffle_inception_no_progressive,759.25,261426.859375
unet_shuffle_inception_no_progressive,777.5,261281.9375
unet_shuffle_inception_no_progressive,787.0,261314.578125
unet_shuffle_inception_no_progressive,775.5,261470.65625
unet_shuffle_inception_no_progressive,720.5,261369.09375
unet_shuffle_inception_no_progressive,674.75,261550.96875
unet_shuffle_inception_no_progressive,406.25,261800.859375
unet_shuffle_inception_no_progressive,338.25,261776.859375
unet_shuffle_inception_no_progressive,288.5,261921.953125
unet_shuffle_inception_no_progressive,257.25,261913.609375
unet_shuffle_inception_no_progressive,197.25,261909.78125
unet_shuffle_inception_no_progressive,93.25,261959.5625
unet_shuffle_inception_no_progressive,89.75,262020.6875
unet_shuffle_inception_no_progressive,119.142857143,262042.78125
unet_shuffle_inception_no_progressive,295.75,261807.1015625
unet_shuffle_inception_no_progressive,490.0,261735.125
unet_shuffle_inception_no_progressive,585.75,261566.125
unet_shuffle_inception_no_progressive,685.5,261368.765625
unet_shuffle_inception_no_progressive,754.25,261463.828125
unet_shuffle_inception_no_progressive,798.25,261417.984375
unet_shuffle_inception_no_progressive,811.0,261228.84375
unet_shuffle_inception_no_progressive,782.5,261244.890625
unet_shuffle_inception_no_progressive,776.5,261323.796875
unet_shuffle_inception_no_progressive,772.0,261345.828125
unet_shuffle_inception_no_progressive,746.5,261377.9375
unet_shuffle_inception_no_progressive,689.25,261403.96875
unet_shuffle_inception_no_progressive,608.5,261516.953125
unet_shuffle_inception_no_progressive,489.5,261691.9375
unet_shuffle_inception_no_progressive,310.25,261899.96875
unet_shuffle_inception_no_progressive,228.25,261966.90625
unet_shuffle_inception_no_progressive,91.8571428571,262014.8125
unet_shuffle_inception_no_progressive,103.25,262010.578125
unet_shuffle_inception_no_progressive,129.0,261988.328125
unet_shuffle_inception_no_progressive,132.0,261963.25
unet_shuffle_inception_no_progressive,122.5,261944.28125
unet_shuffle_inception_no_progressive,199.0,261930.265625
unet_shuffle_inception_no_progressive,294.0,261833.15625
unet_shuffle_inception_no_progressive,546.0,261597.40625
unet_shuffle_inception_no_progressive,739.0,261404.8125
unet_shuffle_inception_no_progressive,1009.0,261132.515625
unet_shuffle_inception_no_progressive,1127.0,261011.5625
unet_shuffle_inception_no_progressive,625.0,261513.734375
unet_shuffle_inception_no_progressive,621.0,261518.09375
unet_shuffle_inception_no_progressive,1221.0,260922.53125
unet_shuffle_inception_no_progressive,1142.0,261001.84375
unet_shuffle_inception_no_progressive,1020.0,261123.90625
unet_shuffle_inception_no_progressive,75.1666666667,262050.09375
unet_shuffle_inception_no_progressive,123.0,262019.03125
unet_shuffle_inception_no_progressive,75.75,262047.8125
unet_shuffle_inception_no_progressive,77.3333333333,261998.671875
unet_shuffle_inception_no_progressive,72.1666666667,262065.28125
unet_shuffle_inception_no_progressive,165.333333333,262052.953125
unet_shuffle_inception_no_progressive,314.333333333,261836.328125
unet_shuffle_inception_no_progressive,219.8,261793.53125
unet_shuffle_inception_no_progressive,236.833333333,261711.953125
unet_shuffle_inception_no_progressive,269.5,261633.109375
unet_shuffle_inception_no_progressive,265.25,261862.015625
unet_shuffle_inception_no_progressive,306.0,261825.90625
unet_shuffle_inception_no_progressive,240.666666667,261899.9375
unet_shuffle_inception_no_progressive,90.6666666667,262055.28125
unet_shuffle_inception_no_progressive,138.0,262005.875
unet_shuffle_inception_no_progressive,206.0,261937.96875
unet_shuffle_inception_no_progressive,24.25,262120.9375
unet_shuffle_inception_no_progressive,28.5,262112.890625
unet_shuffle_inception_no_progressive,56.0,262079.875
unet_shuffle_inception_no_progressive,242.0,261943.75
unet_shuffle_inception_no_progressive,308.333333333,261605.75
unet_shuffle_inception_no_progressive,307.5,261862.40625
unet_shuffle_inception_no_progressive,422.75,261773.3125
unet_shuffle_inception_no_progressive,447.25,261721.390625
unet_shuffle_inception_no_progressive,456.0,261698.1875
unet_shuffle_inception_no_progressive,461.0,261762.625
unet_shuffle_inception_no_progressive,481.0,261601.03125
unet_shuffle_inception_no_progressive,520.5,261586.640625
unet_shuffle_inception_no_progressive,525.25,261570.5
unet_shuffle_inception_no_progressive,548.5,261580.28125
unet_shuffle_inception_no_progressive,552.0,261572.546875
unet_shuffle_inception_no_progressive,528.5,261679.75
unet_shuffle_inception_no_progressive,540.5,261531.59375
unet_shuffle_inception_no_progressive,551.75,261535.21875
unet_shuffle_inception_no_progressive,416.0,261660.734375
unet_shuffle_inception_no_progressive,333.5,261737.40625
unet_shuffle_inception_no_progressive,315.5,261805.40625
unet_shuffle_inception_no_progressive,181.25,261967.59375
unet_shuffle_inception_no_progressive,126.5,261938.828125
unet_shuffle_inception_no_progressive,80.25,262008.359375
unet_shuffle_inception_no_progressive,59.6666666667,262074.53125
unet_shuffle_inception_no_progressive,62.6666666667,262074.046875
unet_shuffle_inception_no_progressive,68.6666666667,262067.90625
unet_shuffle_inception_no_progressive,75.3333333333,262081.53125
unet_shuffle_inception_no_progressive,40.6666666667,262092.890625
unet_shuffle_inception_no_progressive,54.3333333333,262076.875
unet_shuffle_inception_no_progressive,16.4,262138.375
unet_shuffle_inception_no_progressive,23.5714285714,262111.6875
unet_shuffle_inception_no_progressive,42.7142857143,262107.125
unet_shuffle_inception_no_progressive,87.25,262083.640625
unet_shuffle_inception_no_progressive,25.5,262116.875
unet_shuffle_inception_no_progressive,44.5,261788.9765625
unet_shuffle_inception_no_progressive,63.5,262076.203125
unet_shuffle_inception_no_progressive,306.333333333,261929.5
unet_shuffle_inception_no_progressive,351.666666667,261764.78125
unet_shuffle_inception_no_progressive,428.666666667,261646.09375
unet_shuffle_inception_no_progressive,589.333333333,261437.03125
unet_shuffle_inception_no_progressive,757.0,261278.453125
unet_shuffle_inception_no_progressive,943.0,261391.90625
unet_shuffle_inception_no_progressive,908.0,261152.8125
unet_shuffle_inception_no_progressive,810.666666667,261459.828125
unet_shuffle_inception_no_progressive,686.666666667,261328.21875
unet_shuffle_inception_no_progressive,581.0,261741.84375
unet_shuffle_inception_no_progressive,135.0,261995.90625
unet_shuffle_inception_no_progressive,42.5,262039.96875
unet_shuffle_inception_no_progressive,33.6666666667,262092.46875
unet_shuffle_inception_no_progressive,228.0,261843.03125
unet_shuffle_inception_no_progressive,338.0,261688.40625
unet_shuffle_inception_no_progressive,902.0,261115.6875
unet_shuffle_inception_no_progressive,939.0,260943.21875
unet_shuffle_inception_no_progressive,904.0,261151.953125
unet_shuffle_inception_no_progressive,793.0,260912.40625
unet_shuffle_inception_no_progressive,693.0,261342.0
unet_shuffle_inception_no_progressive,633.0,261472.609375
unet_shuffle_inception_no_progressive,616.0,261499.21875
unet_shuffle_inception_no_progressive,592.0,261529.34375
unet_shuffle_inception_no_progressive,543.0,261576.578125
unet_shuffle_inception_no_progressive,398.0,261729.21875
unet_shuffle_inception_no_progressive,235.0,261915.90625
unet_shuffle_inception_no_progressive,411.75,261660.375
unet_shuffle_inception_no_progressive,526.5,261439.6875
unet_shuffle_inception_no_progressive,503.75,261594.3125
unet_shuffle_inception_no_progressive,503.0,261646.609375
unet_shuffle_inception_no_progressive,404.25,261690.8125
unet_shuffle_inception_no_progressive,313.25,261826.78125
unet_shuffle_inception_no_progressive,170.75,261946.90625
unet_shuffle_inception_no_progressive,178.5,261772.8125
unet_shuffle_inception_no_progressive,297.25,261946.546875
unet_shuffle_inception_no_progressive,389.0,261766.0625
unet_shuffle_inception_no_progressive,438.0,261678.8125
unet_shuffle_inception_no_progressive,198.5,261929.875
unet_shuffle_inception_no_progressive,139.333333333,262025.078125
unet_shuffle_inception_no_progressive,236.5,261911.6875
unet_shuffle_inception_no_progressive,298.0,261897.90625
