Modality,Annotation Size,TP
unet_shuffle_inception_no_progressive,52.75,0.000163372096722
unet_shuffle_inception_no_progressive,71.5,0.0415848605335
unet_shuffle_inception_no_progressive,30.25,0.01075764372946
unet_shuffle_inception_no_progressive,30.3333333333,3.8860006566800167
unet_shuffle_inception_no_progressive,28.0,0.5136480409907144
unet_shuffle_inception_no_progressive,20.25,0.077941156924
unet_shuffle_inception_no_progressive,9.33333333333,0.000152648164658
unet_shuffle_inception_no_progressive,26.0,1.316230311675015
unet_shuffle_inception_no_progressive,21.0,2.3086713476682656
unet_shuffle_inception_no_progressive,24.0,0.0010953228198269341
unet_shuffle_inception_no_progressive,40.75,0.000111616383947
unet_shuffle_inception_no_progressive,38.5,3.5365563973781127
unet_shuffle_inception_no_progressive,20.75,4.04301281378e-05
unet_shuffle_inception_no_progressive,19.0,0.023221717693137214
unet_shuffle_inception_no_progressive,6.0,0.5035323269274522
unet_shuffle_inception_no_progressive,16.0,0.03975384311177961
unet_shuffle_inception_no_progressive,29.5,0.0007383321503761349
unet_shuffle_inception_no_progressive,37.5,3.8355814744756636
unet_shuffle_inception_no_progressive,17.0,0.000483582950437551
unet_shuffle_inception_no_progressive,13.0,0.6712189356894485
unet_shuffle_inception_no_progressive,52.0,1.534206519337566
unet_shuffle_inception_no_progressive,40.0,0.4025020407806619
unet_shuffle_inception_no_progressive,80.0,7.343811256861955
unet_shuffle_inception_no_progressive,50.0,3.7757392440669677
unet_shuffle_inception_no_progressive,19.6666666667,0.0015496285961741705
unet_shuffle_inception_no_progressive,29.1666666667,0.963378489017
unet_shuffle_inception_no_progressive,45.25,0.00019697434163375
unet_shuffle_inception_no_progressive,63.0,0.1374234003025631
unet_shuffle_inception_no_progressive,31.3333333333,0.000463320015115
unet_shuffle_inception_no_progressive,124.0,4.79514983454e-06
unet_shuffle_inception_no_progressive,114.0,4.344780244400465
unet_shuffle_inception_no_progressive,127.666666667,60.0216407776
unet_shuffle_inception_no_progressive,203.0,74.47244834901501
unet_shuffle_inception_no_progressive,240.333333333,169.424758911
unet_shuffle_inception_no_progressive,147.0,17.5016819652721
unet_shuffle_inception_no_progressive,50.6666666667,0.000824600283522
unet_shuffle_inception_no_progressive,18.0,2.8197679711964763
unet_shuffle_inception_no_progressive,56.5,2.70726741292e-06
unet_shuffle_inception_no_progressive,97.0,29.90390108524775
unet_shuffle_inception_no_progressive,146.5,124.795982361
unet_shuffle_inception_no_progressive,107.5,34.3265457153
unet_shuffle_inception_no_progressive,48.3333333333,2.03017719969e-07
unet_shuffle_inception_no_progressive,191.0,58.14053487764999
unet_shuffle_inception_no_progressive,208.0,154.132751465
unet_shuffle_inception_no_progressive,47.0,0.2376925310580788
unet_shuffle_inception_no_progressive,32.0,0.002379645167881463
unet_shuffle_inception_no_progressive,121.0,21.830302238450003
unet_shuffle_inception_no_progressive,17.6666666667,0.00328183593228
unet_shuffle_inception_no_progressive,23.0,1.5834665488303077
unet_shuffle_inception_no_progressive,113.75,5.09338669019e-08
unet_shuffle_inception_no_progressive,148.75,3.69123540622e-08
unet_shuffle_inception_no_progressive,201.75,8.08947646647e-08
unet_shuffle_inception_no_progressive,239.75,2.07062896607e-07
unet_shuffle_inception_no_progressive,289.5,1.24222950149e-07
unet_shuffle_inception_no_progressive,248.0,2.03899233497e-07
unet_shuffle_inception_no_progressive,104.0,7.55911884198e-08
unet_shuffle_inception_no_progressive,94.0,0.0026011487279898
unet_shuffle_inception_no_progressive,77.0,8.811133447166224
unet_shuffle_inception_no_progressive,211.0,0.0141242387762605
unet_shuffle_inception_no_progressive,174.75,0.0409474633634
unet_shuffle_inception_no_progressive,406.5,3.72920370102
unet_shuffle_inception_no_progressive,471.75,0.590728163719
unet_shuffle_inception_no_progressive,365.25,1.36878407001
unet_shuffle_inception_no_progressive,158.75,0.000670731707942
unet_shuffle_inception_no_progressive,153.0,0.00036748228977685396
unet_shuffle_inception_no_progressive,148.333333333,6.52625458315e-05
unet_shuffle_inception_no_progressive,145.5,2.74901358353e-05
unet_shuffle_inception_no_progressive,140.5,1.69977720361e-05
unet_shuffle_inception_no_progressive,101.0,1.0160211331825e-05
unet_shuffle_inception_no_progressive,141.0,0.03079851086657065
unet_shuffle_inception_no_progressive,172.25,0.00617335503921
unet_shuffle_inception_no_progressive,169.5,0.00758685451001
unet_shuffle_inception_no_progressive,141.75,0.000439531519078
unet_shuffle_inception_no_progressive,85.0,23.542376109297813
unet_shuffle_inception_no_progressive,59.0,7.297518595739824
unet_shuffle_inception_no_progressive,12.0,0.3159639270814776
unet_shuffle_inception_no_progressive,7.0,0.0007646645230684968
unet_shuffle_inception_no_progressive,14.0,0.09614944615358345
unet_shuffle_inception_no_progressive,27.0,1.8942113301093433
unet_shuffle_inception_no_progressive,99.3333333333,18.9337158203
unet_shuffle_inception_no_progressive,135.666666667,49.0003051758
unet_shuffle_inception_no_progressive,180.5,44.27947451788457
unet_shuffle_inception_no_progressive,188.75,105.484893799
unet_shuffle_inception_no_progressive,221.75,97.2175292969
unet_shuffle_inception_no_progressive,228.5,86.1710968018
unet_shuffle_inception_no_progressive,239.0,110.294342041
unet_shuffle_inception_no_progressive,251.25,92.3631362915
unet_shuffle_inception_no_progressive,231.0,95.5296096802
unet_shuffle_inception_no_progressive,231.75,84.3251647949
unet_shuffle_inception_no_progressive,222.25,86.4113006592
unet_shuffle_inception_no_progressive,217.25,81.1588439941
unet_shuffle_inception_no_progressive,215.75,75.3570480347
unet_shuffle_inception_no_progressive,206.5,66.16381073
unet_shuffle_inception_no_progressive,186.75,51.7879943848
unet_shuffle_inception_no_progressive,162.25,24.974266182489057
unet_shuffle_inception_no_progressive,146.75,34.42760849
unet_shuffle_inception_no_progressive,130.75,25.9680633545
unet_shuffle_inception_no_progressive,33.0,0.10888926269331332
unet_shuffle_inception_no_progressive,18.25,0.000566784350667
unet_shuffle_inception_no_progressive,160.0,0.5638173388179665
unet_shuffle_inception_no_progressive,190.0,2.5746518472811992
unet_shuffle_inception_no_progressive,245.0,2.39851669903e-06
unet_shuffle_inception_no_progressive,181.0,0.004241275617574871
unet_shuffle_inception_no_progressive,210.5,1.83283279528309e-06
unet_shuffle_inception_no_progressive,185.0,3.38726613336e-06
unet_shuffle_inception_no_progressive,135.5,4.86352701046e-06
unet_shuffle_inception_no_progressive,166.5,7.0003712608e-05
unet_shuffle_inception_no_progressive,176.75,0.000152838765644
unet_shuffle_inception_no_progressive,136.75,4.73061736557e-05
unet_shuffle_inception_no_progressive,116.5,1.20858921946e-05
unet_shuffle_inception_no_progressive,89.25,0.03368745697843007
unet_shuffle_inception_no_progressive,52.5,5.3493111920551e-05
unet_shuffle_inception_no_progressive,40.5,0.2982114678222948
unet_shuffle_inception_no_progressive,78.0,9.605681050587e-07
unet_shuffle_inception_no_progressive,112.0,3.17611412583775e-05
unet_shuffle_inception_no_progressive,122.0,0.0010873566581900375
unet_shuffle_inception_no_progressive,134.0,6.62345769342e-07
unet_shuffle_inception_no_progressive,150.0,0.00224729496820594
unet_shuffle_inception_no_progressive,180.0,3.83229092904e-08
unet_shuffle_inception_no_progressive,186.0,2.3902822077192997e-06
unet_shuffle_inception_no_progressive,202.0,1.29415269612e-08
unet_shuffle_inception_no_progressive,194.0,4.66506255847e-09
unet_shuffle_inception_no_progressive,214.0,1.39106381969e-09
unet_shuffle_inception_no_progressive,54.5,0.0001874382542155
unet_shuffle_inception_no_progressive,69.25,3.9596905122143777
unet_shuffle_inception_no_progressive,83.25,0.00082454533549
unet_shuffle_inception_no_progressive,69.0,0.00020749865961999998
unet_shuffle_inception_no_progressive,38.0,0.013323707720016422
unet_shuffle_inception_no_progressive,54.0,17.816928475560143
unet_shuffle_inception_no_progressive,95.5,30.2776503432429
unet_shuffle_inception_no_progressive,161.0,57.459354255970446
unet_shuffle_inception_no_progressive,314.5,228.847625732
unet_shuffle_inception_no_progressive,351.0,246.261413574
unet_shuffle_inception_no_progressive,389.75,335.778015137
unet_shuffle_inception_no_progressive,247.714285714,5.7176923292e-05
unet_shuffle_inception_no_progressive,240.75,6.39169740677
unet_shuffle_inception_no_progressive,237.555555556,24.9958171844
unet_shuffle_inception_no_progressive,242.1,355.01361084
unet_shuffle_inception_no_progressive,304.181818182,383.310302734
unet_shuffle_inception_no_progressive,297.909090909,0.000530896300916
unet_shuffle_inception_no_progressive,355.727272727,343.068023682
unet_shuffle_inception_no_progressive,311.636363636,3.09718325298e-06
unet_shuffle_inception_no_progressive,284.181818182,237.607910156
unet_shuffle_inception_no_progressive,219.272727273,178.939987183
unet_shuffle_inception_no_progressive,143.363636364,148.467712402
unet_shuffle_inception_no_progressive,127.285714286,29.2508239746
unet_shuffle_inception_no_progressive,67.4285714286,0.132053092122
unet_shuffle_inception_no_progressive,58.5714285714,24.8048782349
unet_shuffle_inception_no_progressive,88.5,0.00012420056737
unet_shuffle_inception_no_progressive,35.0,0.17179485805122494
unet_shuffle_inception_no_progressive,10.0,0.00011388099961544587
unet_shuffle_inception_no_progressive,51.5,0.0130497310311
unet_shuffle_inception_no_progressive,86.0,19.72512799035641
unet_shuffle_inception_no_progressive,83.0,26.478150007801776
unet_shuffle_inception_no_progressive,82.0,18.608439794251847
unet_shuffle_inception_no_progressive,57.0,10.688173332134323
unet_shuffle_inception_no_progressive,15.0,0.0005247971024542759
unet_shuffle_inception_no_progressive,20.0,0.3806907548118599
unet_shuffle_inception_no_progressive,22.0,0.010280472487161726
unet_shuffle_inception_no_progressive,49.3333333333,2.6402783993205017e-05
unet_shuffle_inception_no_progressive,61.2,1.84601682898e-13
unet_shuffle_inception_no_progressive,48.0,1.9692029128306082e-06
unet_shuffle_inception_no_progressive,44.3333333333,6.01000556344e-05
unet_shuffle_inception_no_progressive,130.0,88.3735961914
unet_shuffle_inception_no_progressive,195.0,88.6453552245
unet_shuffle_inception_no_progressive,275.0,259.796569824
unet_shuffle_inception_no_progressive,249.0,109.60050964350002
unet_shuffle_inception_no_progressive,57.25,25.4316997528
unet_shuffle_inception_no_progressive,179.0,111.252639771
unet_shuffle_inception_no_progressive,194.5,53.57095462671024
unet_shuffle_inception_no_progressive,4.0,0.04983445701273027
unet_shuffle_inception_no_progressive,11.0,0.0003135260281116474
unet_shuffle_inception_no_progressive,31.0,0.3328472223429337
unet_shuffle_inception_no_progressive,55.6666666667,0.000300639891066
unet_shuffle_inception_no_progressive,76.6666666667,0.00110119453166
unet_shuffle_inception_no_progressive,95.3333333333,0.00262021296658
unet_shuffle_inception_no_progressive,94.5,0.0249191969633
unet_shuffle_inception_no_progressive,80.5,28.8756496719799
unet_shuffle_inception_no_progressive,69.5,0.029283085838
unet_shuffle_inception_no_progressive,53.0,0.009078804674862764
unet_shuffle_inception_no_progressive,41.5,0.010814529637856942
unet_shuffle_inception_no_progressive,24.5,5.532141039157985
unet_shuffle_inception_no_progressive,49.5,6.56410325927922e-05
unet_shuffle_inception_no_progressive,53.5,0.00013873786520000002
unet_shuffle_inception_no_progressive,87.0,13.976227815820046
unet_shuffle_inception_no_progressive,2.0,7.093329829308594e-05
unet_shuffle_inception_no_progressive,3.0,1.5754168025240648e-05
unet_shuffle_inception_no_progressive,9.0,0.0027819789952765015
unet_shuffle_inception_no_progressive,92.0,0.00277480950353735
unet_shuffle_inception_no_progressive,88.0,9.55805007834e-05
unet_shuffle_inception_no_progressive,116.0,24.06322665058693
unet_shuffle_inception_no_progressive,64.0,3.77991090090275e-05
unet_shuffle_inception_no_progressive,37.0,4.8205146470016835
unet_shuffle_inception_no_progressive,25.0,2.472708807383812
unet_shuffle_inception_no_progressive,8.0,0.48906757700341524
unet_shuffle_inception_no_progressive,220.25,3.71250062017e-05
unet_shuffle_inception_no_progressive,434.5,0.00096495001344
unet_shuffle_inception_no_progressive,464.25,2.73360323906
unet_shuffle_inception_no_progressive,356.5,46.932510376
unet_shuffle_inception_no_progressive,132.25,3.04614257812
unet_shuffle_inception_no_progressive,86.5,5.04325089423e-06
unet_shuffle_inception_no_progressive,119.0,0.01253184287997225
unet_shuffle_inception_no_progressive,112.5,8.41281143948e-05
unet_shuffle_inception_no_progressive,140.0,1.58772411885e-10
unet_shuffle_inception_no_progressive,29.0,1.5188349246865684
unet_shuffle_inception_no_progressive,51.0,6.463755589043582
unet_shuffle_inception_no_progressive,131.0,2.13299311547e-09
unet_shuffle_inception_no_progressive,212.25,3.23317241036e-11
unet_shuffle_inception_no_progressive,260.0,2.30712970701e-14
unet_shuffle_inception_no_progressive,341.25,2.38958941523e-09
unet_shuffle_inception_no_progressive,378.75,5.24043230143e-07
unet_shuffle_inception_no_progressive,400.5,1.45412298025e-06
unet_shuffle_inception_no_progressive,429.25,5.86372152611e-06
unet_shuffle_inception_no_progressive,454.75,2.92968215945e-05
unet_shuffle_inception_no_progressive,457.5,7.52455016482e-05
unet_shuffle_inception_no_progressive,447.0,0.000118960459076
unet_shuffle_inception_no_progressive,432.25,0.000413350964664
unet_shuffle_inception_no_progressive,400.0,0.000675514747854
unet_shuffle_inception_no_progressive,367.75,0.000378999626264
unet_shuffle_inception_no_progressive,305.0,0.951105641609874
unet_shuffle_inception_no_progressive,213.5,1.87129478579e-10
unet_shuffle_inception_no_progressive,109.5,2.0465856928000001e-13
unet_shuffle_inception_no_progressive,5.0,9.944034323468098e-05
unet_shuffle_inception_no_progressive,16.5,0.113551038550325
unet_shuffle_inception_no_progressive,11.5,0.009136010835395501
unet_shuffle_inception_no_progressive,41.0,8.070642259562382
unet_shuffle_inception_no_progressive,61.3333333333,3.5719254659233332e-06
unet_shuffle_inception_no_progressive,72.6666666667,4.66761684947e-06
unet_shuffle_inception_no_progressive,72.0,0.00058139432894772
unet_shuffle_inception_no_progressive,70.3333333333,9.79856213235e-06
unet_shuffle_inception_no_progressive,30.6666666667,0.0002567473695603047
unet_shuffle_inception_no_progressive,33.5,7.668178359022215
unet_shuffle_inception_no_progressive,34.5,0.000287120723442
unet_shuffle_inception_no_progressive,36.5,0.0006573350983717649
unet_shuffle_inception_no_progressive,36.875,6.32369863888e-16
unet_shuffle_inception_no_progressive,58.25,38.4324569702
unet_shuffle_inception_no_progressive,21.5,16.9481773376
unet_shuffle_inception_no_progressive,28.3333333333,0.001582281342505685
unet_shuffle_inception_no_progressive,73.0,28.328805937414955
unet_shuffle_inception_no_progressive,61.0,20.368026375801243
unet_shuffle_inception_no_progressive,42.0,6.130210866814698
unet_shuffle_inception_no_progressive,43.5,6.297180825964731e-05
unet_shuffle_inception_no_progressive,6.66666666667,0.00515274470672
unet_shuffle_inception_no_progressive,40.25,14.060564219938
unet_shuffle_inception_no_progressive,37.25,19.2612571716
unet_shuffle_inception_no_progressive,30.75,3.77651872441e-06
unet_shuffle_inception_no_progressive,44.6666666667,1.48852095663e-05
unet_shuffle_inception_no_progressive,87.6666666667,0.00037441338099585
unet_shuffle_inception_no_progressive,105.0,0.0109667582437
unet_shuffle_inception_no_progressive,23.5,0.0029863239105930002
unet_shuffle_inception_no_progressive,36.1666666667,5.1048315072e-05
unet_shuffle_inception_no_progressive,36.4,0.000569663650822
unet_shuffle_inception_no_progressive,32.6666666667,1.90112114051318e-05
unet_shuffle_inception_no_progressive,70.5,1.2262973839500002e-12
unet_shuffle_inception_no_progressive,150.5,7.25972792992e-09
unet_shuffle_inception_no_progressive,71.25,1.8048066929855e-09
unet_shuffle_inception_no_progressive,44.0,3.5229426658224834
unet_shuffle_inception_no_progressive,34.0,0.0002760003034470877
unet_shuffle_inception_no_progressive,91.0,1.44640729949e-10
unet_shuffle_inception_no_progressive,15.3333333333,0.00364298466593
unet_shuffle_inception_no_progressive,29.25,0.842812478542
unet_shuffle_inception_no_progressive,33.25,0.898733615875
unet_shuffle_inception_no_progressive,16.25,0.005826240871104296
unet_shuffle_inception_no_progressive,58.75,4.36466325482e-05
unet_shuffle_inception_no_progressive,86.25,0.00118297734298
unet_shuffle_inception_no_progressive,146.25,56.068611145
unet_shuffle_inception_no_progressive,201.5,110.261657715
unet_shuffle_inception_no_progressive,225.0,119.147705078
unet_shuffle_inception_no_progressive,247.5,87.8750305176
unet_shuffle_inception_no_progressive,257.0,134.52784729
unet_shuffle_inception_no_progressive,265.75,103.048149109
unet_shuffle_inception_no_progressive,278.0,69.90951924955802
unet_shuffle_inception_no_progressive,199.25,21.0692672729
unet_shuffle_inception_no_progressive,147.75,0.0284951627254
unet_shuffle_inception_no_progressive,73.6666666667,7.38290837035e-05
unet_shuffle_inception_no_progressive,39.0,5.266662524757456
unet_shuffle_inception_no_progressive,32.3333333333,0.007520452061705
unet_shuffle_inception_no_progressive,9.5,3.60479475603e-07
unet_shuffle_inception_no_progressive,77.25,0.23857213393404245
unet_shuffle_inception_no_progressive,93.5,1.37600200105e-05
unet_shuffle_inception_no_progressive,30.0,0.0006347736075117664
unet_shuffle_inception_no_progressive,102.0,3.21669496595e-10
unet_shuffle_inception_no_progressive,160.666666667,1.85249628137e-11
unet_shuffle_inception_no_progressive,307.666666667,5.59769854709e-15
unet_shuffle_inception_no_progressive,385.666666667,3.34901660161e-16
unet_shuffle_inception_no_progressive,437.333333333,4.56209364588e-17
unet_shuffle_inception_no_progressive,514.0,5.599425370721775e-09
unet_shuffle_inception_no_progressive,568.333333333,4.00439298148e-14
unet_shuffle_inception_no_progressive,605.0,6.47694517377e-13
unet_shuffle_inception_no_progressive,687.666666667,2.51590501904e-11
unet_shuffle_inception_no_progressive,739.333333333,1.21006163423e-10
unet_shuffle_inception_no_progressive,736.0,4.3453494275e-11
unet_shuffle_inception_no_progressive,776.0,1.59747493012e-10
unet_shuffle_inception_no_progressive,740.333333333,1.49483442118e-12
unet_shuffle_inception_no_progressive,662.0,3.4959719581e-12
unet_shuffle_inception_no_progressive,536.333333333,5.249601534720001e-12
unet_shuffle_inception_no_progressive,393.0,1.7307474897700001e-12
unet_shuffle_inception_no_progressive,316.333333333,1.78947243308e-13
unet_shuffle_inception_no_progressive,265.333333333,4.59663231957e-13
unet_shuffle_inception_no_progressive,143.666666667,3.3695119719599996e-14
unet_shuffle_inception_no_progressive,59.5,2.3002422441539585e-05
unet_shuffle_inception_no_progressive,46.6666666667,9.64896774292
unet_shuffle_inception_no_progressive,26.5,8.6066840367389e-05
unet_shuffle_inception_no_progressive,43.0,1.0571389136924085
unet_shuffle_inception_no_progressive,66.0,10.811290609695282
unet_shuffle_inception_no_progressive,36.0,7.846261118293673e-05
unet_shuffle_inception_no_progressive,18.3333333333,7.3663072726e-06
unet_shuffle_inception_no_progressive,79.3333333333,0.00127957039513
unet_shuffle_inception_no_progressive,31.6666666667,0.00318611925468
unet_shuffle_inception_no_progressive,92.3333333333,30.282125473
unet_shuffle_inception_no_progressive,128.0,43.10115242005
unet_shuffle_inception_no_progressive,154.333333333,55.5630073547
unet_shuffle_inception_no_progressive,89.6666666667,7.373486349477768
unet_shuffle_inception_no_progressive,19.5,0.055038612379552536
unet_shuffle_inception_no_progressive,143.0,39.4563293457
unet_shuffle_inception_no_progressive,133.333333333,21.9208164215
unet_shuffle_inception_no_progressive,85.6666666667,13.2262487411
unet_shuffle_inception_no_progressive,63.6666666667,0.000194233522052
unet_shuffle_inception_no_progressive,51.6666666667,0.000354945193976
unet_shuffle_inception_no_progressive,75.0,6.491609573351054
unet_shuffle_inception_no_progressive,203.25,39.8538513184
unet_shuffle_inception_no_progressive,188.25,22.1916503906
unet_shuffle_inception_no_progressive,111.0,0.000304621440591
unet_shuffle_inception_no_progressive,16.3333333333,3.7902527747480663
unet_shuffle_inception_no_progressive,43.3333333333,9.431833267259895
unet_shuffle_inception_no_progressive,134.75,1.80098868441e-05
unet_shuffle_inception_no_progressive,242.25,3.70011366613e-05
unet_shuffle_inception_no_progressive,316.5,9.00888844626e-05
unet_shuffle_inception_no_progressive,334.8,0.000344910979038
unet_shuffle_inception_no_progressive,421.6,0.0014934912324
unet_shuffle_inception_no_progressive,646.5,0.00364000443369
unet_shuffle_inception_no_progressive,720.75,0.00271504558623
unet_shuffle_inception_no_progressive,753.5,0.00248589902185
unet_shuffle_inception_no_progressive,826.5,0.002014600439
unet_shuffle_inception_no_progressive,806.5,0.00147980393376
unet_shuffle_inception_no_progressive,736.5,0.00262074149214
unet_shuffle_inception_no_progressive,697.5,0.00343115394935
unet_shuffle_inception_no_progressive,659.25,0.00408388162032
unet_shuffle_inception_no_progressive,560.25,0.00783324241638
unet_shuffle_inception_no_progressive,466.25,0.0280794035643
unet_shuffle_inception_no_progressive,347.25,0.231223553419
unet_shuffle_inception_no_progressive,215.5,0.0984596908092
unet_shuffle_inception_no_progressive,130.666666667,0.0134523306042
unet_shuffle_inception_no_progressive,62.0,0.0012703781610311862
unet_shuffle_inception_no_progressive,76.0,2.86600220534e-06
unet_shuffle_inception_no_progressive,99.0,4.33551722381e-05
unet_shuffle_inception_no_progressive,182.0,1.00931556517e-05
unet_shuffle_inception_no_progressive,323.0,1.26368995552e-05
unet_shuffle_inception_no_progressive,472.0,1.80687743523e-06
unet_shuffle_inception_no_progressive,506.0,3.54930875801e-07
unet_shuffle_inception_no_progressive,529.0,5.726814589117677e-09
unet_shuffle_inception_no_progressive,534.0,7.04330549439e-09
unet_shuffle_inception_no_progressive,567.0,1.49680623451e-08
unet_shuffle_inception_no_progressive,441.0,2.9821997316e-08
unet_shuffle_inception_no_progressive,445.0,2.99192812747e-08
unet_shuffle_inception_no_progressive,561.0,2.243775582e-10
unet_shuffle_inception_no_progressive,589.0,8.8842269762995e-08
unet_shuffle_inception_no_progressive,575.0,2.15801199133e-09
unet_shuffle_inception_no_progressive,523.0,1.32688526833e-08
unet_shuffle_inception_no_progressive,350.0,0.015132656822257024
unet_shuffle_inception_no_progressive,383.0,1.55161319526e-06
unet_shuffle_inception_no_progressive,358.0,1.02372905531e-05
unet_shuffle_inception_no_progressive,327.0,6.35407923255e-05
unet_shuffle_inception_no_progressive,290.0,0.0112308543175
unet_shuffle_inception_no_progressive,21.3333333333,1.41238581364e-06
unet_shuffle_inception_no_progressive,56.75,9.06027053134e-05
unet_shuffle_inception_no_progressive,68.75,0.000211706530536
unet_shuffle_inception_no_progressive,70.0,0.00031206469520835
unet_shuffle_inception_no_progressive,62.5,0.00103187910281
unet_shuffle_inception_no_progressive,49.75,0.00142956001218
unet_shuffle_inception_no_progressive,198.0,0.016828677617
unet_shuffle_inception_no_progressive,128.5,3.6355577576198e-08
unet_shuffle_inception_no_progressive,176.5,0.475989878178
unet_shuffle_inception_no_progressive,177.5,1.16870560305e-05
unet_shuffle_inception_no_progressive,205.0,0.00010130369901185
unet_shuffle_inception_no_progressive,189.5,5.32067346573
unet_shuffle_inception_no_progressive,201.0,5.07604227096e-07
unet_shuffle_inception_no_progressive,207.5,3.82132077217
unet_shuffle_inception_no_progressive,175.0,4.71794514567e-09
unet_shuffle_inception_no_progressive,192.0,11.993550300654457
unet_shuffle_inception_no_progressive,160.5,1.65174089684e-11
unet_shuffle_inception_no_progressive,279.0,3.08968400955
unet_shuffle_inception_no_progressive,291.0,2.11998319626
unet_shuffle_inception_no_progressive,263.0,1.71893107891
unet_shuffle_inception_no_progressive,299.0,5.39381885529
unet_shuffle_inception_no_progressive,285.0,17.355267286305
unet_shuffle_inception_no_progressive,267.0,6.56981992722
unet_shuffle_inception_no_progressive,230.0,12.0932788849
unet_shuffle_inception_no_progressive,216.0,74.4210395812
unet_shuffle_inception_no_progressive,189.0,4.99456310272
unet_shuffle_inception_no_progressive,187.0,1.96567690372
unet_shuffle_inception_no_progressive,159.0,24.6131034493265
unet_shuffle_inception_no_progressive,148.0,0.299739509821
unet_shuffle_inception_no_progressive,166.0,0.216033995152
unet_shuffle_inception_no_progressive,106.0,0.0065227500163
unet_shuffle_inception_no_progressive,19.3333333333,1.02617640607e-07
unet_shuffle_inception_no_progressive,24.75,0.00012445269464912999
unet_shuffle_inception_no_progressive,31.5,2.19916564674e-05
unet_shuffle_inception_no_progressive,23.75,0.000163036558661
unet_shuffle_inception_no_progressive,69.75,0.037485036999
unet_shuffle_inception_no_progressive,78.25,0.352652013302
unet_shuffle_inception_no_progressive,83.75,0.288423597813
unet_shuffle_inception_no_progressive,94.25,0.25303208828
unet_shuffle_inception_no_progressive,71.0,0.00421094382182
unet_shuffle_inception_no_progressive,35.5,9.22584058571e-06
unet_shuffle_inception_no_progressive,36.25,0.16098624840446205
unet_shuffle_inception_no_progressive,80.75,41.5411300659
unet_shuffle_inception_no_progressive,57.5,0.681975007057
unet_shuffle_inception_no_progressive,93.6666666667,27.5405426025
unet_shuffle_inception_no_progressive,133.666666667,58.5051803589
unet_shuffle_inception_no_progressive,146.333333333,41.0400161743
unet_shuffle_inception_no_progressive,49.0,4.3010981976985
unet_shuffle_inception_no_progressive,65.0,0.017549758777
unet_shuffle_inception_no_progressive,45.0,0.251496545815309
unet_shuffle_inception_no_progressive,53.75,13.9875831604
unet_shuffle_inception_no_progressive,12.5,1.448456118172832e-05
unet_shuffle_inception_no_progressive,90.0,21.05797232921046
unet_shuffle_inception_no_progressive,227.0,34.7805099487
unet_shuffle_inception_no_progressive,272.0,29.4186973572
unet_shuffle_inception_no_progressive,265.0,28.8605041504
unet_shuffle_inception_no_progressive,162.0,0.143840819597
unet_shuffle_inception_no_progressive,67.0,0.00110120349564
unet_shuffle_inception_no_progressive,45.3333333333,0.132593080401
unet_shuffle_inception_no_progressive,11.25,3.18103911556e-16
unet_shuffle_inception_no_progressive,47.5,8.32355927238e-10
unet_shuffle_inception_no_progressive,48.5,8.24554313716e-10
unet_shuffle_inception_no_progressive,30.5,2.53709386833e-10
unet_shuffle_inception_no_progressive,212.0,53.9033203125
unet_shuffle_inception_no_progressive,169.0,69.5026231064009
unet_shuffle_inception_no_progressive,79.5,43.1478996277
unet_shuffle_inception_no_progressive,34.25,1.39166986628e-05
unet_shuffle_inception_no_progressive,26.3333333333,0.015323273870537064
unet_shuffle_inception_no_progressive,20.5,0.769639968872
unet_shuffle_inception_no_progressive,17.5,0.2911383308391063
unet_shuffle_inception_no_progressive,8.5,0.0193180534989
unet_shuffle_inception_no_progressive,26.6666666667,3.24424149767e-07
unet_shuffle_inception_no_progressive,49.6666666667,0.000519313786126872
unet_shuffle_inception_no_progressive,45.6666666667,1.63404888553e-06
unet_shuffle_inception_no_progressive,27.3333333333,5.17850935466e-07
unet_shuffle_inception_no_progressive,52.6666666667,1.4670553174382714e-14
unet_shuffle_inception_no_progressive,39.6666666667,2.37247860246e-11
unet_shuffle_inception_no_progressive,14.3333333333,0.000304924731608
unet_shuffle_inception_no_progressive,179.666666667,0.017290238291
unet_shuffle_inception_no_progressive,268.333333333,235.266693115
unet_shuffle_inception_no_progressive,55.0,0.0044515446934385
unet_shuffle_inception_no_progressive,6.5,5.272380292355e-06
unet_shuffle_inception_no_progressive,39.5,0.00014648853175449998
unet_shuffle_inception_no_progressive,38.25,3.3297264576
unet_shuffle_inception_no_progressive,61.25,31.0821437836
unet_shuffle_inception_no_progressive,85.75,52.3351821899
unet_shuffle_inception_no_progressive,98.75,72.4296569824
unet_shuffle_inception_no_progressive,97.25,73.2370376587
unet_shuffle_inception_no_progressive,66.75,42.4476242065
unet_shuffle_inception_no_progressive,41.3333333333,10.6972026825
unet_shuffle_inception_no_progressive,84.0,5.26957410329e-05
unet_shuffle_inception_no_progressive,108.666666667,0.000527695869096
unet_shuffle_inception_no_progressive,149.0,0.00111913646106
unet_shuffle_inception_no_progressive,163.666666667,0.00720964977518
unet_shuffle_inception_no_progressive,159.666666667,0.0127623528242
unet_shuffle_inception_no_progressive,190.333333333,0.00546460459009
unet_shuffle_inception_no_progressive,260.333333333,0.067306227982
unet_shuffle_inception_no_progressive,304.0,0.139887452126
unet_shuffle_inception_no_progressive,272.666666667,0.131948336959
unet_shuffle_inception_no_progressive,233.0,0.0546025335789
unet_shuffle_inception_no_progressive,243.0,0.107305645943
unet_shuffle_inception_no_progressive,253.0,0.0704165026546
unet_shuffle_inception_no_progressive,238.0,0.046378377825
unet_shuffle_inception_no_progressive,227.333333333,0.0176559798419
unet_shuffle_inception_no_progressive,250.0,0.0165450237691
unet_shuffle_inception_no_progressive,136.0,0.010751596652
unet_shuffle_inception_no_progressive,58.0,1.991404400051498
unet_shuffle_inception_no_progressive,94.6666666667,0.00537866028026
unet_shuffle_inception_no_progressive,118.333333333,0.46849194169
unet_shuffle_inception_no_progressive,121.333333333,10.0376291275
unet_shuffle_inception_no_progressive,321.666666667,13.5577688217
unet_shuffle_inception_no_progressive,367.666666667,16.3438720703
unet_shuffle_inception_no_progressive,413.333333333,41.0875606537
unet_shuffle_inception_no_progressive,362.333333333,63.9622802734
unet_shuffle_inception_no_progressive,346.0,92.5579376221
unet_shuffle_inception_no_progressive,339.666666667,116.310638428
unet_shuffle_inception_no_progressive,341.0,132.792434692
unet_shuffle_inception_no_progressive,240.0,141.420288086
unet_shuffle_inception_no_progressive,228.666666667,132.15057373
unet_shuffle_inception_no_progressive,200.0,116.116065979
unet_shuffle_inception_no_progressive,217.333333333,115.050697327
unet_shuffle_inception_no_progressive,196.666666667,93.1058349609
unet_shuffle_inception_no_progressive,173.5,0.00193753233179
unet_shuffle_inception_no_progressive,142.0,0.000991437467746
unet_shuffle_inception_no_progressive,168.0,0.0110745951533
unet_shuffle_inception_no_progressive,193.0,0.0123400492594
unet_shuffle_inception_no_progressive,146.0,0.0555275678635
unet_shuffle_inception_no_progressive,158.0,0.0758620128036
unet_shuffle_inception_no_progressive,81.0,0.00032252935488935
unet_shuffle_inception_no_progressive,48.75,27.9398174286
unet_shuffle_inception_no_progressive,75.25,45.008392334
unet_shuffle_inception_no_progressive,62.75,11.657306891358264
unet_shuffle_inception_no_progressive,56.25,1.96861861923e-07
unet_shuffle_inception_no_progressive,37.75,8.94015741437e-08
unet_shuffle_inception_no_progressive,96.0,9.142037924900005e-06
unet_shuffle_inception_no_progressive,156.0,25.457827866789778
unet_shuffle_inception_no_progressive,145.0,0.0706310868263
unet_shuffle_inception_no_progressive,171.0,0.001755566984569525
unet_shuffle_inception_no_progressive,87.5,0.0907072722912
unet_shuffle_inception_no_progressive,38.6666666667,0.5215597989739701
unet_shuffle_inception_no_progressive,163.0,2.86860995402e-06
unet_shuffle_inception_no_progressive,131.5,8.4556086577e-09
unet_shuffle_inception_no_progressive,108.5,9.70006226453e-08
unet_shuffle_inception_no_progressive,57.6666666667,1.02184207762e-08
unet_shuffle_inception_no_progressive,46.0,0.00213260133751
unet_shuffle_inception_no_progressive,64.5,0.0121407350525
unet_shuffle_inception_no_progressive,60.75,4.57425012428e-05
unet_shuffle_inception_no_progressive,35.3333333333,15.18527218654979
unet_shuffle_inception_no_progressive,24.6666666667,22.6935577393
unet_shuffle_inception_no_progressive,42.6666666667,3.11652144092e-08
unet_shuffle_inception_no_progressive,27.75,3.12230622512e-05
unet_shuffle_inception_no_progressive,167.0,47.477016449
unet_shuffle_inception_no_progressive,241.0,243.325515747
unet_shuffle_inception_no_progressive,223.75,231.581695557
unet_shuffle_inception_no_progressive,179.333333333,149.621429443
unet_shuffle_inception_no_progressive,45.75,0.00146597041748
unet_shuffle_inception_no_progressive,35.6666666667,0.282295227051
unet_shuffle_inception_no_progressive,166.25,1.78702705411e-10
unet_shuffle_inception_no_progressive,250.25,2.84561774144e-09
unet_shuffle_inception_no_progressive,303.75,1.2405631189e-08
unet_shuffle_inception_no_progressive,366.5,2.22734120037e-09
unet_shuffle_inception_no_progressive,436.75,5.94121418729e-11
unet_shuffle_inception_no_progressive,486.25,2.87907149293e-13
unet_shuffle_inception_no_progressive,550.25,8.709839273420001e-12
unet_shuffle_inception_no_progressive,547.75,3.49178359837e-11
unet_shuffle_inception_no_progressive,557.75,9.07984031073e-07
unet_shuffle_inception_no_progressive,555.25,8.54748105628e-10
unet_shuffle_inception_no_progressive,541.0,3.31162232214e-06
unet_shuffle_inception_no_progressive,520.0,1.7562775235900002e-12
unet_shuffle_inception_no_progressive,482.75,3.92561932397e-13
unet_shuffle_inception_no_progressive,444.0,4.09607107372e-16
unet_shuffle_inception_no_progressive,322.5,1.56693981489e-17
unet_shuffle_inception_no_progressive,267.75,1.76535748958e-18
unet_shuffle_inception_no_progressive,231.5,8.586719740430001e-17
unet_shuffle_inception_no_progressive,92.5,6.931439733690002e-34
unet_shuffle_inception_no_progressive,246.5,1.5920286164600002e-18
unet_shuffle_inception_no_progressive,308.0,2.06323666485e-10
unet_shuffle_inception_no_progressive,381.0,3.1560578595e-09
unet_shuffle_inception_no_progressive,540.75,6.7094341194e-10
unet_shuffle_inception_no_progressive,605.75,4.4309927949e-10
unet_shuffle_inception_no_progressive,678.5,4.84047663063e-11
unet_shuffle_inception_no_progressive,700.25,3.71487172621e-12
unet_shuffle_inception_no_progressive,759.25,3.84520236832e-12
unet_shuffle_inception_no_progressive,777.5,1.56007672059e-11
unet_shuffle_inception_no_progressive,787.0,281.40817260771524
unet_shuffle_inception_no_progressive,775.5,4.46828879452e-10
unet_shuffle_inception_no_progressive,720.5,1.09389974856e-09
unet_shuffle_inception_no_progressive,674.75,4.42324443739e-09
unet_shuffle_inception_no_progressive,406.25,2.28775320466e-06
unet_shuffle_inception_no_progressive,338.25,5.64225274502e-06
unet_shuffle_inception_no_progressive,288.5,5.92071546635e-06
unet_shuffle_inception_no_progressive,257.25,9.1262281785e-06
unet_shuffle_inception_no_progressive,197.25,8.97215886653e-06
unet_shuffle_inception_no_progressive,93.25,3.44494765159e-06
unet_shuffle_inception_no_progressive,89.75,4.05717713647e-07
unet_shuffle_inception_no_progressive,119.142857143,2.86213488465e-08
unet_shuffle_inception_no_progressive,295.75,133.2995147705
unet_shuffle_inception_no_progressive,490.0,269.341003418
unet_shuffle_inception_no_progressive,585.75,447.231964111
unet_shuffle_inception_no_progressive,685.5,543.84387207
unet_shuffle_inception_no_progressive,754.25,574.585876465
unet_shuffle_inception_no_progressive,798.25,369.673370361
unet_shuffle_inception_no_progressive,811.0,214.602462769
unet_shuffle_inception_no_progressive,782.5,64.7491149902
unet_shuffle_inception_no_progressive,776.5,29.7917938232
unet_shuffle_inception_no_progressive,772.0,31.9436645508
unet_shuffle_inception_no_progressive,746.5,32.6113548279
unet_shuffle_inception_no_progressive,689.25,17.8650226593
unet_shuffle_inception_no_progressive,608.5,0.125838130713
unet_shuffle_inception_no_progressive,489.5,0.00587182026356
unet_shuffle_inception_no_progressive,310.25,0.00161584396847
unet_shuffle_inception_no_progressive,228.25,4.43797689513e-05
unet_shuffle_inception_no_progressive,91.8571428571,4.71029750315e-07
unet_shuffle_inception_no_progressive,103.25,64.9802322388
unet_shuffle_inception_no_progressive,129.0,90.9547653198
unet_shuffle_inception_no_progressive,132.0,115.239181519
unet_shuffle_inception_no_progressive,122.5,103.115005493
unet_shuffle_inception_no_progressive,199.0,0.00196475349367
unet_shuffle_inception_no_progressive,294.0,0.0141570772976
unet_shuffle_inception_no_progressive,546.0,16.6032238007
unet_shuffle_inception_no_progressive,739.0,0.316373743117
unet_shuffle_inception_no_progressive,1009.0,0.0127663267776
unet_shuffle_inception_no_progressive,1127.0,35.6035346985
unet_shuffle_inception_no_progressive,625.0,0.0137951113284
unet_shuffle_inception_no_progressive,621.0,0.0140476692468
unet_shuffle_inception_no_progressive,1221.0,14.3294258118
unet_shuffle_inception_no_progressive,1142.0,13.8261594772
unet_shuffle_inception_no_progressive,1020.0,10.2990245819
unet_shuffle_inception_no_progressive,75.1666666667,10.549405098
unet_shuffle_inception_no_progressive,123.0,71.3381347656
unet_shuffle_inception_no_progressive,75.75,5.52530400455e-05
unet_shuffle_inception_no_progressive,77.3333333333,0.000594848941546
unet_shuffle_inception_no_progressive,72.1666666667,27.128194809
unet_shuffle_inception_no_progressive,165.333333333,29.4272727966
unet_shuffle_inception_no_progressive,314.333333333,136.12828064
unet_shuffle_inception_no_progressive,219.8,233.69694519
unet_shuffle_inception_no_progressive,236.833333333,50.0345191956
unet_shuffle_inception_no_progressive,269.5,292.509094238
unet_shuffle_inception_no_progressive,265.25,22.955160141
unet_shuffle_inception_no_progressive,306.0,189.961486816
unet_shuffle_inception_no_progressive,240.666666667,92.7966308594
unet_shuffle_inception_no_progressive,90.6666666667,0.00953112728894
unet_shuffle_inception_no_progressive,138.0,0.00240699877031
unet_shuffle_inception_no_progressive,206.0,0.00821337476373
unet_shuffle_inception_no_progressive,24.25,7.97095344751e-05
unet_shuffle_inception_no_progressive,28.5,0.000270949793048
unet_shuffle_inception_no_progressive,56.0,2.24888281082e-05
unet_shuffle_inception_no_progressive,242.0,0.226095989347
unet_shuffle_inception_no_progressive,308.333333333,28.817949295
unet_shuffle_inception_no_progressive,307.5,126.380958557
unet_shuffle_inception_no_progressive,422.75,177.156341553
unet_shuffle_inception_no_progressive,447.25,224.697967529
unet_shuffle_inception_no_progressive,456.0,264.368988037
unet_shuffle_inception_no_progressive,461.0,264.410888672
unet_shuffle_inception_no_progressive,481.0,304.8777771
unet_shuffle_inception_no_progressive,520.5,338.93959045400004
unet_shuffle_inception_no_progressive,525.25,332.3267211915
unet_shuffle_inception_no_progressive,548.5,323.844604492
unet_shuffle_inception_no_progressive,552.0,330.409179688
unet_shuffle_inception_no_progressive,528.5,323.288085938
unet_shuffle_inception_no_progressive,540.5,352.929321289
unet_shuffle_inception_no_progressive,551.75,357.348815918
unet_shuffle_inception_no_progressive,416.0,283.604614258
unet_shuffle_inception_no_progressive,333.5,280.7902679445
unet_shuffle_inception_no_progressive,315.5,220.685791016
unet_shuffle_inception_no_progressive,181.25,66.9505767822
unet_shuffle_inception_no_progressive,126.5,116.800086975
unet_shuffle_inception_no_progressive,80.25,64.7082061768
unet_shuffle_inception_no_progressive,59.6666666667,12.9399490356
unet_shuffle_inception_no_progressive,62.6666666667,9.7687664032
unet_shuffle_inception_no_progressive,68.6666666667,6.97704029083
unet_shuffle_inception_no_progressive,75.3333333333,7.48664474487
unet_shuffle_inception_no_progressive,40.6666666667,1.14711380005
unet_shuffle_inception_no_progressive,54.3333333333,1.05389336147e-10
unet_shuffle_inception_no_progressive,16.4,1.417585338e-07
unet_shuffle_inception_no_progressive,23.5714285714,0.00741714751348
unet_shuffle_inception_no_progressive,42.7142857143,11.8553037643
unet_shuffle_inception_no_progressive,87.25,0.000128699393827
unet_shuffle_inception_no_progressive,25.5,0.957491874695
unet_shuffle_inception_no_progressive,44.5,16.0195802702688
unet_shuffle_inception_no_progressive,63.5,30.5198135376
unet_shuffle_inception_no_progressive,306.333333333,143.122787476
unet_shuffle_inception_no_progressive,351.666666667,257.653137207
unet_shuffle_inception_no_progressive,428.666666667,361.691955566
unet_shuffle_inception_no_progressive,589.333333333,452.282318115
unet_shuffle_inception_no_progressive,757.0,565.420654297
unet_shuffle_inception_no_progressive,943.0,576.260742188
unet_shuffle_inception_no_progressive,908.0,718.263183594
unet_shuffle_inception_no_progressive,810.666666667,509.478118896
unet_shuffle_inception_no_progressive,686.666666667,442.485778809
unet_shuffle_inception_no_progressive,581.0,61.3393936157
unet_shuffle_inception_no_progressive,135.0,1.89489459991
unet_shuffle_inception_no_progressive,42.5,18.3236885071
unet_shuffle_inception_no_progressive,33.6666666667,0.0633685588837
unet_shuffle_inception_no_progressive,228.0,8.23708573631e-19
unet_shuffle_inception_no_progressive,338.0,1.10862736841e-18
unet_shuffle_inception_no_progressive,902.0,1.1805769036e-14
unet_shuffle_inception_no_progressive,939.0,4.25056379525e-16
unet_shuffle_inception_no_progressive,904.0,1.35340272617e-18
unet_shuffle_inception_no_progressive,793.0,9.99004210519e-15
unet_shuffle_inception_no_progressive,693.0,2.59099911665e-11
unet_shuffle_inception_no_progressive,633.0,5.4302589092e-08
unet_shuffle_inception_no_progressive,616.0,1.35399466217e-06
unet_shuffle_inception_no_progressive,592.0,5.88061599416e-09
unet_shuffle_inception_no_progressive,543.0,2.5676946791e-08
unet_shuffle_inception_no_progressive,398.0,2.51623433201e-08
unet_shuffle_inception_no_progressive,235.0,8.56480473885e-05
unet_shuffle_inception_no_progressive,411.75,0.00622859131545
unet_shuffle_inception_no_progressive,526.5,0.00808430090547
unet_shuffle_inception_no_progressive,503.75,0.00869733653963
unet_shuffle_inception_no_progressive,503.0,0.00799212045968
unet_shuffle_inception_no_progressive,404.25,26.4231967926
unet_shuffle_inception_no_progressive,313.25,1.71762049198
unet_shuffle_inception_no_progressive,170.75,1.08227574825
unet_shuffle_inception_no_progressive,178.5,0.384011238813
unet_shuffle_inception_no_progressive,297.25,136.123214722
unet_shuffle_inception_no_progressive,389.0,300.672790527
unet_shuffle_inception_no_progressive,438.0,381.14352417
unet_shuffle_inception_no_progressive,198.5,141.82510376
unet_shuffle_inception_no_progressive,139.333333333,24.7785415649
unet_shuffle_inception_no_progressive,236.5,63.2979621887
unet_shuffle_inception_no_progressive,298.0,0.14987179637
